Workbook

Sheet Daily
A1: Date | B1: 3m | C1: 6m | D1: 12m | E1: 24m | F1: 36m | G1: 48m | H1: 60m | I1: 72m | J1: 84m | K1: 96m | L1: 108m | M1: 120m | N1: 132m | O1: 144m | P1: 156m | Q1: 168m | R1: 180m | S1: 192m | T1: 204m | U1: 216m | V1: 228m | W1: 240m
A2: 40273 | B2: 2.46 | C2: 4.56 | D2: 5.68 | E2: 6.59 | F2: 6.9 | G2: 7.08 | H2: 7.25 | I2: 7.41 | J2: 7.55 | K2: 7.69 | L2: 7.8 | M2: 7.9 | N2: 7.98 | O2: 8.06 | P2: 8.12 | Q2: 8.17 | R2: 8.22 | S2: 8.26 | T2: 8.3 | U2: 8.33 | V2: 8.36 | W2: 8.38
A3: 40274 | B3: 2.9 | C3: 4.26 | D3: 5.14 | E3: 6.14 | F3: 6.67 | G3: 7.01 | H3: 7.26 | I3: 7.46 | J3: 7.62 | K3: 7.76 | L3: 7.87 | M3: 7.97 | N3: 8.05 | O3: 8.12 | P3: 8.18 | Q3: 8.23 | R3: 8.28 | S3: 8.32 | T3: 8.35 | U3: 8.38 | V3: 8.41 | W3: 8.44
A4: 40275 | B4: 2.92 | C4: 4.22 | D4: 5.08 | E4: 6.07 | F4: 6.61 | G4: 6.97 | H4: 7.23 | I4: 7.43 | J4: 7.6 | K4: 7.74 | L4: 7.85 | M4: 7.95 | N4: 8.03 | O4: 8.1 | P4: 8.16 | Q4: 8.21 | R4: 8.26 | S4: 8.3 | T4: 8.33 | U4: 8.37 | V4: 8.39 | W4: 8.42
A5: 40276 | B5: 2.74 | C5: 4.44 | D5: 5.14 | E5: 5.88 | F5: 6.43 | G5: 6.87 | H5: 7.2 | I5: 7.45 | J5: 7.65 | K5: 7.79 | L5: 7.91 | M5: 8.01 | N5: 8.09 | O5: 8.15 | P5: 8.21 | Q5: 8.25 | R5: 8.29 | S5: 8.33 | T5: 8.36 | U5: 8.39 | V5: 8.41 | W5: 8.44
A6: 40277 | B6: 2.33 | C6: 4.43 | D6: 5.31 | E6: 6.15 | F6: 6.68 | G6: 7.07 | H6: 7.37 | I6: 7.58 | J6: 7.75 | K6: 7.88 | L6: 7.98 | M6: 8.06 | N6: 8.13 | O6: 8.18 | P6: 8.23 | Q6: 8.27 | R6: 8.3 | S6: 8.34 | T6: 8.36 | U6: 8.39 | V6: 8.41 | W6: 8.43
A7: 40280 | B7: 2.52 | C7: 4.17 | D7: 5.24 | E7: 6.41 | F7: 6.99 | G7: 7.33 | H7: 7.56 | I7: 7.73 | J7: 7.87 | K7: 7.97 | L7: 8.06 | M7: 8.13 | N7: 8.19 | O7: 8.24 | P7: 8.28 | Q7: 8.32 | R7: 8.35 | S7: 8.38 | T7: 8.41 | U7: 8.43 | V7: 8.45 | W7: 8.47
A8: 40281 | B8: 3 | C8: 4.24 | D8: 5.12 | E8: 6.23 | F8: 6.86 | G8: 7.25 | H8: 7.51 | I8: 7.7 | J8: 7.84 | K8: 7.94 | L8: 8.03 | M8: 8.09 | N8: 8.15 | O8: 8.2 | P8: 8.23 | Q8: 8.27 | R8: 8.3 | S8: 8.32 | T8: 8.34 | U8: 8.36 | V8: 8.38 | W8: 8.4
A9: 40283 | B9: 3.25 | C9: 4.42 | D9: 5.2 | E9: 6.14 | F9: 6.69 | G9: 7.08 | H9: 7.38 | I9: 7.61 | J9: 7.81 | K9: 7.96 | L9: 8.08 | M9: 8.18 | N9: 8.26 | O9: 8.32 | P9: 8.36 | Q9: 8.4 | R9: 8.42 | S9: 8.44 | T9: 8.46 | U9: 8.47 | V9: 8.47 | W9: 8.47
A10: 40284 | B10: 3.13 | C10: 4.47 | D10: 5.34 | E10: 6.34 | F10: 6.88 | G10: 7.24 | H10: 7.49 | I10: 7.68 | J10: 7.82 | K10: 7.94 | L10: 8.03 | M10: 8.1 | N10: 8.16 | O10: 8.21 | P10: 8.26 | Q10: 8.29 | R10: 8.33 | S10: 8.35 | T10: 8.38 | U10: 8.4 | V10: 8.42 | W10: 8.44
A11: 40287 | B11: 3.2 | C11: 4.52 | D11: 5.32 | E11: 6.26 | F11: 6.83 | G11: 7.23 | H11: 7.51 | I11: 7.71 | J11: 7.86 | K11: 7.98 | L11: 8.08 | M11: 8.15 | N11: 8.21 | O11: 8.26 | P11: 8.31 | Q11: 8.34 | R11: 8.37 | S11: 8.4 | T11: 8.43 | U11: 8.45 | V11: 8.47 | W11: 8.49
A12: 40288 | B12: 3.44 | C12: 4.46 | D12: 5.17 | E12: 6.1 | F12: 6.71 | G12: 7.13 | H12: 7.43 | I12: 7.65 | J12: 7.82 | K12: 7.94 | L12: 8.04 | M12: 8.12 | N12: 8.19 | O12: 8.24 | P12: 8.29 | Q12: 8.33 | R12: 8.36 | S12: 8.39 | T12: 8.42 | U12: 8.44 | V12: 8.46 | W12: 8.48
A13: 40289 | B13: 3.21 | C13: 4.42 | D13: 5.12 | E13: 5.98 | F13: 6.58 | G13: 7.01 | H13: 7.33 | I13: 7.57 | J13: 7.75 | K13: 7.89 | L13: 8 | M13: 8.09 | N13: 8.16 | O13: 8.22 | P13: 8.27 | Q13: 8.32 | R13: 8.35 | S13: 8.39 | T13: 8.42 | U13: 8.44 | V13: 8.47 | W13: 8.49
... A3882: 46142 | B3882: 5.14 | C3882: 5.36 | D3882: 5.57 | E3882: 5.92 | F3882: 6.2 | G3882: 6.44 | H3882: 6.63 | I3882: 6.79 | J3882: 6.93 | K3882: 7.04 | L3882: 7.14 | M3882: 7.22 | N3882: 7.29 | O3882: 7.36 | P3882: 7.41 | Q3882: 7.46 | R3882: 7.5 | S3882: 7.54 | T3882: 7.58 | U3882: 7.61 | V3882: 7.64 | W3882: 7.67

Sheet Monthly
A1: Date | B1: 3m | C1: 6m | D1: 12m | E1: 24m | F1: 36m | G1: 48m | H1: 60m | I1: 72m | J1: 84m | K1: 96m | L1: 108m | M1: 120m | N1: 132m | O1: 144m | P1: 156m | Q1: 168m | R1: 180m | S1: 192m | T1: 204m | U1: 216m | V1: 228m | W1: 240m
A2: 40269 | B2: {=AVERAGE( _xlfn._xlws.FILTER(Daily!B$2:B$10000, (Daily!$A$2:$A$10000>=EOMONTH($A2,-1)+1)*(Daily!$A$2:$A$10000<=EOMONTH($A2,0)) ) )} -> 3.0415789 | C2: {=AVERAGE( _xlfn._xlws.FILTER(Daily!C$2:C$10000, (Daily!$A$2:$A$10000>=EOMONTH($A2,-1)+1)*(Daily!$A$2:$A$10000<=EOMONTH($A2,0)) ) )} -> 4.3342105 | D2: {=AVERAGE( _xlfn._xlws.FILTER(Daily!D$2:D$10000, (Daily!$A$2:$A$10000>=EOMONTH($A2,-1)+1)*(Daily!$A$2:$A$10000<=EOMONTH($A2,0)) ) )} -> 5.1484211 | E2: {=AVERAGE( _xlfn._xlws.FILTER(Daily!E$2:E$10000, (Daily!$A$2:$A$10000>=EOMONTH($A2,-1)+1)*(Daily!$A$2:$A$10000<=EOMONTH($A2,0)) ) )} -> 6.1205263 | F2: {=AVERAGE( _xlfn._xlws.FILTER(Daily!F$2:F$10000, (Daily!$A$2:$A$10000>=EOMONTH($A2,-1)+1)*(Daily!$A$2:$A$10000<=EOMONTH($A2,0)) ) )} -> 6.7036842 | G2: {=AVERAGE( _xlfn._xlws.FILTER(Daily!G$2:G$10000, (Daily!$A$2:$A$10000>=EOMONTH($A2,-1)+1)*(Daily!$A$2:$A$10000<=EOMONTH($A2,0)) ) )} -> 7.1005263 | H2: {=AVERAGE( _xlfn._xlws.FILTER(Daily!H$2:H$10000, (Daily!$A$2:$A$10000>=EOMONTH($A2,-1)+1)*(Daily!$A$2:$A$10000<=EOMONTH($A2,0)) ) )} -> 7.3889474 | I2: {=AVERAGE( _xlfn._xlws.FILTER(Daily!I$2:I$10000, (Daily!$A$2:$A$10000>=EOMONTH($A2,-1)+1)*(Daily!$A$2:$A$10000<=EOMONTH($A2,0)) ) )} -> 7.6057895 | ... W2: {=AVERAGE( _xlfn._xlws.FILTER(Daily!W$2:W$10000, (Daily!$A$2:$A$10000>=EOMONTH($A2,-1)+1)*(Daily!$A$2:$A$10000<=EOMONTH($A2,0)) ) )} -> 8.4547368
A3: 40299 | B3: {=AVERAGE( _xlfn._xlws.FILTER(Daily!B$2:B$10000, (Daily!$A$2:$A$10000>=EOMONTH($A3,-1)+1)*(Daily!$A$2:$A$10000<=EOMONTH($A3,0)) ) )} -> 3.671 | C3: {=AVERAGE( _xlfn._xlws.FILTER(Daily!C$2:C$10000, (Daily!$A$2:$A$10000>=EOMONTH($A3,-1)+1)*(Daily!$A$2:$A$10000<=EOMONTH($A3,0)) ) )} -> 4.4415 | D3: {=AVERAGE( _xlfn._xlws.FILTER(Daily!D$2:D$10000, (Daily!$A$2:$A$10000>=EOMONTH($A3,-1)+1)*(Daily!$A$2:$A$10000<=EOMONTH($A3,0)) ) )} -> 5.042 | E3: {=AVERAGE( _xlfn._xlws.FILTER(Daily!E$2:E$10000, (Daily!$A$2:$A$10000>=EOMONTH($A3,-1)+1)*(Daily!$A$2:$A$10000<=EOMONTH($A3,0)) ) )} -> 5.9035 | F3: {=AVERAGE( _xlfn._xlws.FILTER(Daily!F$2:F$10000, (Daily!$A$2:$A$10000>=EOMONTH($A3,-1)+1)*(Daily!$A$2:$A$10000<=EOMONTH($A3,0)) ) )} -> 6.4845 | G3: {=AVERAGE( _xlfn._xlws.FILTER(Daily!G$2:G$10000, (Daily!$A$2:$A$10000>=EOMONTH($A3,-1)+1)*(Daily!$A$2:$A$10000<=EOMONTH($A3,0)) ) )} -> 6.896 | H3: {=AVERAGE( _xlfn._xlws.FILTER(Daily!H$2:H$10000, (Daily!$A$2:$A$10000>=EOMONTH($A3,-1)+1)*(Daily!$A$2:$A$10000<=EOMONTH($A3,0)) ) )} -> 7.196 | I3: {=AVERAGE( _xlfn._xlws.FILTER(Daily!I$2:I$10000, (Daily!$A$2:$A$10000>=EOMONTH($A3,-1)+1)*(Daily!$A$2:$A$10000<=EOMONTH($A3,0)) ) )} -> 7.419 | ... W3: {=AVERAGE( _xlfn._xlws.FILTER(Daily!W$2:W$10000, (Daily!$A$2:$A$10000>=EOMONTH($A3,-1)+1)*(Daily!$A$2:$A$10000<=EOMONTH($A3,0)) ) )} -> 8.218
A4: 40330 | B4: {=AVERAGE( _xlfn._xlws.FILTER(Daily!B$2:B$10000, (Daily!$A$2:$A$10000>=EOMONTH($A4,-1)+1)*(Daily!$A$2:$A$10000<=EOMONTH($A4,0)) ) )} -> 4.9818182 | C4: {=AVERAGE( _xlfn._xlws.FILTER(Daily!C$2:C$10000, (Daily!$A$2:$A$10000>=EOMONTH($A4,-1)+1)*(Daily!$A$2:$A$10000<=EOMONTH($A4,0)) ) )} -> 5.1231818 | D4: {=AVERAGE( _xlfn._xlws.FILTER(Daily!D$2:D$10000, (Daily!$A$2:$A$10000>=EOMONTH($A4,-1)+1)*(Daily!$A$2:$A$10000<=EOMONTH($A4,0)) ) )} -> 5.4118182 | E4: {=AVERAGE( _xlfn._xlws.FILTER(Daily!E$2:E$10000, (Daily!$A$2:$A$10000>=EOMONTH($A4,-1)+1)*(Daily!$A$2:$A$10000<=EOMONTH($A4,0)) ) )} -> 6.0531818 | F4: {=AVERAGE( _xlfn._xlws.FILTER(Daily!F$2:F$10000, (Daily!$A$2:$A$10000>=EOMONTH($A4,-1)+1)*(Daily!$A$2:$A$10000<=EOMONTH($A4,0)) ) )} -> 6.5872727 | G4: {=AVERAGE( _xlfn._xlws.FILTER(Daily!G$2:G$10000, (Daily!$A$2:$A$10000>=EOMONTH($A4,-1)+1)*(Daily!$A$2:$A$10000<=EOMONTH($A4,0)) ) )} -> 6.9822727 | H4: {=AVERAGE( _xlfn._xlws.FILTER(Daily!H$2:H$10000, (Daily!$A$2:$A$10000>=EOMONTH($A4,-1)+1)*(Daily!$A$2:$A$10000<=EOMONTH($A4,0)) ) )} -> 7.2695455 | I4: {=AVERAGE( _xlfn._xlws.FILTER(Daily!I$2:I$10000, (Daily!$A$2:$A$10000>=EOMONTH($A4,-1)+1)*(Daily!$A$2:$A$10000<=EOMONTH($A4,0)) ) )} -> 7.4809091 | ... W4: {=AVERAGE( _xlfn._xlws.FILTER(Daily!W$2:W$10000, (Daily!$A$2:$A$10000>=EOMONTH($A4,-1)+1)*(Daily!$A$2:$A$10000<=EOMONTH($A4,0)) ) )} -> 8.2518182
A5: 40360 | B5: {=AVERAGE( _xlfn._xlws.FILTER(Daily!B$2:B$10000, (Daily!$A$2:$A$10000>=EOMONTH($A5,-1)+1)*(Daily!$A$2:$A$10000<=EOMONTH($A5,0)) ) )} -> 4.9663636 | C5: {=AVERAGE( _xlfn._xlws.FILTER(Daily!C$2:C$10000, (Daily!$A$2:$A$10000>=EOMONTH($A5,-1)+1)*(Daily!$A$2:$A$10000<=EOMONTH($A5,0)) ) )} -> 5.4604545 | D5: {=AVERAGE( _xlfn._xlws.FILTER(Daily!D$2:D$10000, (Daily!$A$2:$A$10000>=EOMONTH($A5,-1)+1)*(Daily!$A$2:$A$10000<=EOMONTH($A5,0)) ) )} -> 5.825 | E5: {=AVERAGE( _xlfn._xlws.FILTER(Daily!E$2:E$10000, (Daily!$A$2:$A$10000>=EOMONTH($A5,-1)+1)*(Daily!$A$2:$A$10000<=EOMONTH($A5,0)) ) )} -> 6.3781818 | F5: {=AVERAGE( _xlfn._xlws.FILTER(Daily!F$2:F$10000, (Daily!$A$2:$A$10000>=EOMONTH($A5,-1)+1)*(Daily!$A$2:$A$10000<=EOMONTH($A5,0)) ) )} -> 6.79 | G5: {=AVERAGE( _xlfn._xlws.FILTER(Daily!G$2:G$10000, (Daily!$A$2:$A$10000>=EOMONTH($A5,-1)+1)*(Daily!$A$2:$A$10000<=EOMONTH($A5,0)) ) )} -> 7.1022727 | H5: {=AVERAGE( _xlfn._xlws.FILTER(Daily!H$2:H$10000, (Daily!$A$2:$A$10000>=EOMONTH($A5,-1)+1)*(Daily!$A$2:$A$10000<=EOMONTH($A5,0)) ) )} -> 7.3390909 | I5: {=AVERAGE( _xlfn._xlws.FILTER(Daily!I$2:I$10000, (Daily!$A$2:$A$10000>=EOMONTH($A5,-1)+1)*(Daily!$A$2:$A$10000<=EOMONTH($A5,0)) ) )} -> 7.5222727 | ... W5: {=AVERAGE( _xlfn._xlws.FILTER(Daily!W$2:W$10000, (Daily!$A$2:$A$10000>=EOMONTH($A5,-1)+1)*(Daily!$A$2:$A$10000<=EOMONTH($A5,0)) ) )} -> 8.3059091
A6: 40391 | B6: {=AVERAGE( _xlfn._xlws.FILTER(Daily!B$2:B$10000, (Daily!$A$2:$A$10000>=EOMONTH($A6,-1)+1)*(Daily!$A$2:$A$10000<=EOMONTH($A6,0)) ) )} -> 5.3342857 | C6: {=AVERAGE( _xlfn._xlws.FILTER(Daily!C$2:C$10000, (Daily!$A$2:$A$10000>=EOMONTH($A6,-1)+1)*(Daily!$A$2:$A$10000<=EOMONTH($A6,0)) ) )} -> 6.0361905 | D6: {=AVERAGE( _xlfn._xlws.FILTER(Daily!D$2:D$10000, (Daily!$A$2:$A$10000>=EOMONTH($A6,-1)+1)*(Daily!$A$2:$A$10000<=EOMONTH($A6,0)) ) )} -> 6.4390476 | E6: {=AVERAGE( _xlfn._xlws.FILTER(Daily!E$2:E$10000, (Daily!$A$2:$A$10000>=EOMONTH($A6,-1)+1)*(Daily!$A$2:$A$10000<=EOMONTH($A6,0)) ) )} -> 6.9357143 | F6: {=AVERAGE( _xlfn._xlws.FILTER(Daily!F$2:F$10000, (Daily!$A$2:$A$10000>=EOMONTH($A6,-1)+1)*(Daily!$A$2:$A$10000<=EOMONTH($A6,0)) ) )} -> 7.2666667 | G6: {=AVERAGE( _xlfn._xlws.FILTER(Daily!G$2:G$10000, (Daily!$A$2:$A$10000>=EOMONTH($A6,-1)+1)*(Daily!$A$2:$A$10000<=EOMONTH($A6,0)) ) )} -> 7.5071429 | H6: {=AVERAGE( _xlfn._xlws.FILTER(Daily!H$2:H$10000, (Daily!$A$2:$A$10000>=EOMONTH($A6,-1)+1)*(Daily!$A$2:$A$10000<=EOMONTH($A6,0)) ) )} -> 7.6847619 | I6: {=AVERAGE( _xlfn._xlws.FILTER(Daily!I$2:I$10000, (Daily!$A$2:$A$10000>=EOMONTH($A6,-1)+1)*(Daily!$A$2:$A$10000<=EOMONTH($A6,0)) ) )} -> 7.8180952 | ... W6: {=AVERAGE( _xlfn._xlws.FILTER(Daily!W$2:W$10000, (Daily!$A$2:$A$10000>=EOMONTH($A6,-1)+1)*(Daily!$A$2:$A$10000<=EOMONTH($A6,0)) ) )} -> 8.3352381
A7: 40422 | B7: {=AVERAGE( _xlfn._xlws.FILTER(Daily!B$2:B$10000, (Daily!$A$2:$A$10000>=EOMONTH($A7,-1)+1)*(Daily!$A$2:$A$10000<=EOMONTH($A7,0)) ) )} -> 5.6025 | C7: {=AVERAGE( _xlfn._xlws.FILTER(Daily!C$2:C$10000, (Daily!$A$2:$A$10000>=EOMONTH($A7,-1)+1)*(Daily!$A$2:$A$10000<=EOMONTH($A7,0)) ) )} -> 6.088 | D7: {=AVERAGE( _xlfn._xlws.FILTER(Daily!D$2:D$10000, (Daily!$A$2:$A$10000>=EOMONTH($A7,-1)+1)*(Daily!$A$2:$A$10000<=EOMONTH($A7,0)) ) )} -> 6.464 | E7: {=AVERAGE( _xlfn._xlws.FILTER(Daily!E$2:E$10000, (Daily!$A$2:$A$10000>=EOMONTH($A7,-1)+1)*(Daily!$A$2:$A$10000<=EOMONTH($A7,0)) ) )} -> 6.99 | F7: {=AVERAGE( _xlfn._xlws.FILTER(Daily!F$2:F$10000, (Daily!$A$2:$A$10000>=EOMONTH($A7,-1)+1)*(Daily!$A$2:$A$10000<=EOMONTH($A7,0)) ) )} -> 7.335 | G7: {=AVERAGE( _xlfn._xlws.FILTER(Daily!G$2:G$10000, (Daily!$A$2:$A$10000>=EOMONTH($A7,-1)+1)*(Daily!$A$2:$A$10000<=EOMONTH($A7,0)) ) )} -> 7.57 | H7: {=AVERAGE( _xlfn._xlws.FILTER(Daily!H$2:H$10000, (Daily!$A$2:$A$10000>=EOMONTH($A7,-1)+1)*(Daily!$A$2:$A$10000<=EOMONTH($A7,0)) ) )} -> 7.7355 | I7: {=AVERAGE( _xlfn._xlws.FILTER(Daily!I$2:I$10000, (Daily!$A$2:$A$10000>=EOMONTH($A7,-1)+1)*(Daily!$A$2:$A$10000<=EOMONTH($A7,0)) ) )} -> 7.855 | ... W7: {=AVERAGE( _xlfn._xlws.FILTER(Daily!W$2:W$10000, (Daily!$A$2:$A$10000>=EOMONTH($A7,-1)+1)*(Daily!$A$2:$A$10000<=EOMONTH($A7,0)) ) )} -> 8.3155
A8: 40452 | B8: {=AVERAGE( _xlfn._xlws.FILTER(Daily!B$2:B$10000, (Daily!$A$2:$A$10000>=EOMONTH($A8,-1)+1)*(Daily!$A$2:$A$10000<=EOMONTH($A8,0)) ) )} -> 6.0533333 | C8: {=AVERAGE( _xlfn._xlws.FILTER(Daily!C$2:C$10000, (Daily!$A$2:$A$10000>=EOMONTH($A8,-1)+1)*(Daily!$A$2:$A$10000<=EOMONTH($A8,0)) ) )} -> 6.4185714 | D8: {=AVERAGE( _xlfn._xlws.FILTER(Daily!D$2:D$10000, (Daily!$A$2:$A$10000>=EOMONTH($A8,-1)+1)*(Daily!$A$2:$A$10000<=EOMONTH($A8,0)) ) )} -> 6.6866667 | E8: {=AVERAGE( _xlfn._xlws.FILTER(Daily!E$2:E$10000, (Daily!$A$2:$A$10000>=EOMONTH($A8,-1)+1)*(Daily!$A$2:$A$10000<=EOMONTH($A8,0)) ) )} -> 7.0914286 | F8: {=AVERAGE( _xlfn._xlws.FILTER(Daily!F$2:F$10000, (Daily!$A$2:$A$10000>=EOMONTH($A8,-1)+1)*(Daily!$A$2:$A$10000<=EOMONTH($A8,0)) ) )} -> 7.3928571 | G8: {=AVERAGE( _xlfn._xlws.FILTER(Daily!G$2:G$10000, (Daily!$A$2:$A$10000>=EOMONTH($A8,-1)+1)*(Daily!$A$2:$A$10000<=EOMONTH($A8,0)) ) )} -> 7.6114286 | H8: {=AVERAGE( _xlfn._xlws.FILTER(Daily!H$2:H$10000, (Daily!$A$2:$A$10000>=EOMONTH($A8,-1)+1)*(Daily!$A$2:$A$10000<=EOMONTH($A8,0)) ) )} -> 7.7742857 | I8: {=AVERAGE( _xlfn._xlws.FILTER(Daily!I$2:I$10000, (Daily!$A$2:$A$10000>=EOMONTH($A8,-1)+1)*(Daily!$A$2:$A$10000<=EOMONTH($A8,0)) ) )} -> 7.8947619 | ... W8: {=AVERAGE( _xlfn._xlws.FILTER(Daily!W$2:W$10000, (Daily!$A$2:$A$10000>=EOMONTH($A8,-1)+1)*(Daily!$A$2:$A$10000<=EOMONTH($A8,0)) ) )} -> 8.3514286
A9: 40483 | B9: {=AVERAGE( _xlfn._xlws.FILTER(Daily!B$2:B$10000, (Daily!$A$2:$A$10000>=EOMONTH($A9,-1)+1)*(Daily!$A$2:$A$10000<=EOMONTH($A9,0)) ) )} -> 6.187 | C9: {=AVERAGE( _xlfn._xlws.FILTER(Daily!C$2:C$10000, (Daily!$A$2:$A$10000>=EOMONTH($A9,-1)+1)*(Daily!$A$2:$A$10000<=EOMONTH($A9,0)) ) )} -> 6.737 | D9: {=AVERAGE( _xlfn._xlws.FILTER(Daily!D$2:D$10000, (Daily!$A$2:$A$10000>=EOMONTH($A9,-1)+1)*(Daily!$A$2:$A$10000<=EOMONTH($A9,0)) ) )} -> 7.0045 | E9: {=AVERAGE( _xlfn._xlws.FILTER(Daily!E$2:E$10000, (Daily!$A$2:$A$10000>=EOMONTH($A9,-1)+1)*(Daily!$A$2:$A$10000<=EOMONTH($A9,0)) ) )} -> 7.2625 | F9: {=AVERAGE( _xlfn._xlws.FILTER(Daily!F$2:F$10000, (Daily!$A$2:$A$10000>=EOMONTH($A9,-1)+1)*(Daily!$A$2:$A$10000<=EOMONTH($A9,0)) ) )} -> 7.43 | G9: {=AVERAGE( _xlfn._xlws.FILTER(Daily!G$2:G$10000, (Daily!$A$2:$A$10000>=EOMONTH($A9,-1)+1)*(Daily!$A$2:$A$10000<=EOMONTH($A9,0)) ) )} -> 7.575 | H9: {=AVERAGE( _xlfn._xlws.FILTER(Daily!H$2:H$10000, (Daily!$A$2:$A$10000>=EOMONTH($A9,-1)+1)*(Daily!$A$2:$A$10000<=EOMONTH($A9,0)) ) )} -> 7.701 | I9: {=AVERAGE( _xlfn._xlws.FILTER(Daily!I$2:I$10000, (Daily!$A$2:$A$10000>=EOMONTH($A9,-1)+1)*(Daily!$A$2:$A$10000<=EOMONTH($A9,0)) ) )} -> 7.8115 | ... W9: {=AVERAGE( _xlfn._xlws.FILTER(Daily!W$2:W$10000, (Daily!$A$2:$A$10000>=EOMONTH($A9,-1)+1)*(Daily!$A$2:$A$10000<=EOMONTH($A9,0)) ) )} -> 8.362
A10: 40513 | B10: {=AVERAGE( _xlfn._xlws.FILTER(Daily!B$2:B$10000, (Daily!$A$2:$A$10000>=EOMONTH($A10,-1)+1)*(Daily!$A$2:$A$10000<=EOMONTH($A10,0)) ) )} -> 6.5363636 | C10: {=AVERAGE( _xlfn._xlws.FILTER(Daily!C$2:C$10000, (Daily!$A$2:$A$10000>=EOMONTH($A10,-1)+1)*(Daily!$A$2:$A$10000<=EOMONTH($A10,0)) ) )} -> 7.025 | D10: {=AVERAGE( _xlfn._xlws.FILTER(Daily!D$2:D$10000, (Daily!$A$2:$A$10000>=EOMONTH($A10,-1)+1)*(Daily!$A$2:$A$10000<=EOMONTH($A10,0)) ) )} -> 7.2827273 | E10: {=AVERAGE( _xlfn._xlws.FILTER(Daily!E$2:E$10000, (Daily!$A$2:$A$10000>=EOMONTH($A10,-1)+1)*(Daily!$A$2:$A$10000<=EOMONTH($A10,0)) ) )} -> 7.4918182 | F10: {=AVERAGE( _xlfn._xlws.FILTER(Daily!F$2:F$10000, (Daily!$A$2:$A$10000>=EOMONTH($A10,-1)+1)*(Daily!$A$2:$A$10000<=EOMONTH($A10,0)) ) )} -> 7.5772727 | G10: {=AVERAGE( _xlfn._xlws.FILTER(Daily!G$2:G$10000, (Daily!$A$2:$A$10000>=EOMONTH($A10,-1)+1)*(Daily!$A$2:$A$10000<=EOMONTH($A10,0)) ) )} -> 7.6463636 | H10: {=AVERAGE( _xlfn._xlws.FILTER(Daily!H$2:H$10000, (Daily!$A$2:$A$10000>=EOMONTH($A10,-1)+1)*(Daily!$A$2:$A$10000<=EOMONTH($A10,0)) ) )} -> 7.7181818 | I10: {=AVERAGE( _xlfn._xlws.FILTER(Daily!I$2:I$10000, (Daily!$A$2:$A$10000>=EOMONTH($A10,-1)+1)*(Daily!$A$2:$A$10000<=EOMONTH($A10,0)) ) )} -> 7.795 | ... W10: {=AVERAGE( _xlfn._xlws.FILTER(Daily!W$2:W$10000, (Daily!$A$2:$A$10000>=EOMONTH($A10,-1)+1)*(Daily!$A$2:$A$10000<=EOMONTH($A10,0)) ) )} -> 8.3954545
A11: 40544 | B11: {=AVERAGE( _xlfn._xlws.FILTER(Daily!B$2:B$10000, (Daily!$A$2:$A$10000>=EOMONTH($A11,-1)+1)*(Daily!$A$2:$A$10000<=EOMONTH($A11,0)) ) )} -> 6.145 | C11: {=AVERAGE( _xlfn._xlws.FILTER(Daily!C$2:C$10000, (Daily!$A$2:$A$10000>=EOMONTH($A11,-1)+1)*(Daily!$A$2:$A$10000<=EOMONTH($A11,0)) ) )} -> 7.1385 | D11: {=AVERAGE( _xlfn._xlws.FILTER(Daily!D$2:D$10000, (Daily!$A$2:$A$10000>=EOMONTH($A11,-1)+1)*(Daily!$A$2:$A$10000<=EOMONTH($A11,0)) ) )} -> 7.418 | E11: {=AVERAGE( _xlfn._xlws.FILTER(Daily!E$2:E$10000, (Daily!$A$2:$A$10000>=EOMONTH($A11,-1)+1)*(Daily!$A$2:$A$10000<=EOMONTH($A11,0)) ) )} -> 7.5725 | F11: {=AVERAGE( _xlfn._xlws.FILTER(Daily!F$2:F$10000, (Daily!$A$2:$A$10000>=EOMONTH($A11,-1)+1)*(Daily!$A$2:$A$10000<=EOMONTH($A11,0)) ) )} -> 7.633 | G11: {=AVERAGE( _xlfn._xlws.FILTER(Daily!G$2:G$10000, (Daily!$A$2:$A$10000>=EOMONTH($A11,-1)+1)*(Daily!$A$2:$A$10000<=EOMONTH($A11,0)) ) )} -> 7.703 | H11: {=AVERAGE( _xlfn._xlws.FILTER(Daily!H$2:H$10000, (Daily!$A$2:$A$10000>=EOMONTH($A11,-1)+1)*(Daily!$A$2:$A$10000<=EOMONTH($A11,0)) ) )} -> 7.7855 | I11: {=AVERAGE( _xlfn._xlws.FILTER(Daily!I$2:I$10000, (Daily!$A$2:$A$10000>=EOMONTH($A11,-1)+1)*(Daily!$A$2:$A$10000<=EOMONTH($A11,0)) ) )} -> 7.8705 | ... W11: {=AVERAGE( _xlfn._xlws.FILTER(Daily!W$2:W$10000, (Daily!$A$2:$A$10000>=EOMONTH($A11,-1)+1)*(Daily!$A$2:$A$10000<=EOMONTH($A11,0)) ) )} -> 8.4675
A12: 40575 | B12: {=AVERAGE( _xlfn._xlws.FILTER(Daily!B$2:B$10000, (Daily!$A$2:$A$10000>=EOMONTH($A12,-1)+1)*(Daily!$A$2:$A$10000<=EOMONTH($A12,0)) ) )} -> 5.8494737 | C12: {=AVERAGE( _xlfn._xlws.FILTER(Daily!C$2:C$10000, (Daily!$A$2:$A$10000>=EOMONTH($A12,-1)+1)*(Daily!$A$2:$A$10000<=EOMONTH($A12,0)) ) )} -> 7.26 | D12: {=AVERAGE( _xlfn._xlws.FILTER(Daily!D$2:D$10000, (Daily!$A$2:$A$10000>=EOMONTH($A12,-1)+1)*(Daily!$A$2:$A$10000<=EOMONTH($A12,0)) ) )} -> 7.4857895 | E12: {=AVERAGE( _xlfn._xlws.FILTER(Daily!E$2:E$10000, (Daily!$A$2:$A$10000>=EOMONTH($A12,-1)+1)*(Daily!$A$2:$A$10000<=EOMONTH($A12,0)) ) )} -> 7.53 | F12: {=AVERAGE( _xlfn._xlws.FILTER(Daily!F$2:F$10000, (Daily!$A$2:$A$10000>=EOMONTH($A12,-1)+1)*(Daily!$A$2:$A$10000<=EOMONTH($A12,0)) ) )} -> 7.5857895 | G12: {=AVERAGE( _xlfn._xlws.FILTER(Daily!G$2:G$10000, (Daily!$A$2:$A$10000>=EOMONTH($A12,-1)+1)*(Daily!$A$2:$A$10000<=EOMONTH($A12,0)) ) )} -> 7.6784211 | H12: {=AVERAGE( _xlfn._xlws.FILTER(Daily!H$2:H$10000, (Daily!$A$2:$A$10000>=EOMONTH($A12,-1)+1)*(Daily!$A$2:$A$10000<=EOMONTH($A12,0)) ) )} -> 7.7831579 | I12: {=AVERAGE( _xlfn._xlws.FILTER(Daily!I$2:I$10000, (Daily!$A$2:$A$10000>=EOMONTH($A12,-1)+1)*(Daily!$A$2:$A$10000<=EOMONTH($A12,0)) ) )} -> 7.8878947 | ... W12: {=AVERAGE( _xlfn._xlws.FILTER(Daily!W$2:W$10000, (Daily!$A$2:$A$10000>=EOMONTH($A12,-1)+1)*(Daily!$A$2:$A$10000<=EOMONTH($A12,0)) ) )} -> 8.4889474
A13: 40603 | B13: {=AVERAGE( _xlfn._xlws.FILTER(Daily!B$2:B$10000, (Daily!$A$2:$A$10000>=EOMONTH($A13,-1)+1)*(Daily!$A$2:$A$10000<=EOMONTH($A13,0)) ) )} -> 5.9740909 | C13: {=AVERAGE( _xlfn._xlws.FILTER(Daily!C$2:C$10000, (Daily!$A$2:$A$10000>=EOMONTH($A13,-1)+1)*(Daily!$A$2:$A$10000<=EOMONTH($A13,0)) ) )} -> 7.3263636 | D13: {=AVERAGE( _xlfn._xlws.FILTER(Daily!D$2:D$10000, (Daily!$A$2:$A$10000>=EOMONTH($A13,-1)+1)*(Daily!$A$2:$A$10000<=EOMONTH($A13,0)) ) )} -> 7.3754545 | E13: {=AVERAGE( _xlfn._xlws.FILTER(Daily!E$2:E$10000, (Daily!$A$2:$A$10000>=EOMONTH($A13,-1)+1)*(Daily!$A$2:$A$10000<=EOMONTH($A13,0)) ) )} -> 7.3386364 | F13: {=AVERAGE( _xlfn._xlws.FILTER(Daily!F$2:F$10000, (Daily!$A$2:$A$10000>=EOMONTH($A13,-1)+1)*(Daily!$A$2:$A$10000<=EOMONTH($A13,0)) ) )} -> 7.4172727 | G13: {=AVERAGE( _xlfn._xlws.FILTER(Daily!G$2:G$10000, (Daily!$A$2:$A$10000>=EOMONTH($A13,-1)+1)*(Daily!$A$2:$A$10000<=EOMONTH($A13,0)) ) )} -> 7.5436364 | H13: {=AVERAGE( _xlfn._xlws.FILTER(Daily!H$2:H$10000, (Daily!$A$2:$A$10000>=EOMONTH($A13,-1)+1)*(Daily!$A$2:$A$10000<=EOMONTH($A13,0)) ) )} -> 7.6731818 | I13: {=AVERAGE( _xlfn._xlws.FILTER(Daily!I$2:I$10000, (Daily!$A$2:$A$10000>=EOMONTH($A13,-1)+1)*(Daily!$A$2:$A$10000<=EOMONTH($A13,0)) ) )} -> 7.7895455 | ... W13: {=AVERAGE( _xlfn._xlws.FILTER(Daily!W$2:W$10000, (Daily!$A$2:$A$10000>=EOMONTH($A13,-1)+1)*(Daily!$A$2:$A$10000<=EOMONTH($A13,0)) ) )} -> 8.3472727
... A196: 46113 | B196: {=AVERAGE( _xlfn._xlws.FILTER(Daily!B$2:B$10000, (Daily!$A$2:$A$10000>=EOMONTH($A196,-1)+1)*(Daily!$A$2:$A$10000<=EOMONTH($A196,0)) ) )} -> 5.2063158 | C196: {=AVERAGE( _xlfn._xlws.FILTER(Daily!C$2:C$10000, (Daily!$A$2:$A$10000>=EOMONTH($A196,-1)+1)*(Daily!$A$2:$A$10000<=EOMONTH($A196,0)) ) )} -> 5.3921053 | D196: {=AVERAGE( _xlfn._xlws.FILTER(Daily!D$2:D$10000, (Daily!$A$2:$A$10000>=EOMONTH($A196,-1)+1)*(Daily!$A$2:$A$10000<=EOMONTH($A196,0)) ) )} -> 5.5647368 | E196: {=AVERAGE( _xlfn._xlws.FILTER(Daily!E$2:E$10000, (Daily!$A$2:$A$10000>=EOMONTH($A196,-1)+1)*(Daily!$A$2:$A$10000<=EOMONTH($A196,0)) ) )} -> 5.8694737 | F196: {=AVERAGE( _xlfn._xlws.FILTER(Daily!F$2:F$10000, (Daily!$A$2:$A$10000>=EOMONTH($A196,-1)+1)*(Daily!$A$2:$A$10000<=EOMONTH($A196,0)) ) )} -> 6.1252632 | G196: {=AVERAGE( _xlfn._xlws.FILTER(Daily!G$2:G$10000, (Daily!$A$2:$A$10000>=EOMONTH($A196,-1)+1)*(Daily!$A$2:$A$10000<=EOMONTH($A196,0)) ) )} -> 6.3452632 | H196: {=AVERAGE( _xlfn._xlws.FILTER(Daily!H$2:H$10000, (Daily!$A$2:$A$10000>=EOMONTH($A196,-1)+1)*(Daily!$A$2:$A$10000<=EOMONTH($A196,0)) ) )} -> 6.5315789 | I196: {=AVERAGE( _xlfn._xlws.FILTER(Daily!I$2:I$10000, (Daily!$A$2:$A$10000>=EOMONTH($A196,-1)+1)*(Daily!$A$2:$A$10000<=EOMONTH($A196,0)) ) )} -> 6.6936842 | ... W196: {=AVERAGE( _xlfn._xlws.FILTER(Daily!W$2:W$10000, (Daily!$A$2:$A$10000>=EOMONTH($A196,-1)+1)*(Daily!$A$2:$A$10000<=EOMONTH($A196,0)) ) )} -> 7.6563158

Sheet Eomonth
C1: 2 | D1: 3 | E1: 4 | F1: 5 | G1: 6 | H1: 7 | I1: 8 | J1: 9 | K1: 10 | L1: 11 | M1: 12 | N1: 13 | O1: 14 | P1: 15 | Q1: 16 | R1: 17 | S1: 18 | T1: 19 | U1: 20 | V1: 21 | W1: 22 | X1: 23
A2: Date | C2: =Monthly!B1 -> 3m | D2: =Monthly!C1 -> 6m | E2: =Monthly!D1 -> 12m | F2: =Monthly!E1 -> 24m | G2: =Monthly!F1 -> 36m | H2: =Monthly!G1 -> 48m | I2: =Monthly!H1 -> 60m | J2: =Monthly!I1 -> 72m | ... X2: =Monthly!W1 -> 240m
A3: 40269 | B3: =WORKDAY(EOMONTH(A3,0)+1, -1) -> 40298 | C3: =(VLOOKUP($B3,Daily!$A$1:$W$10000,C$1,FALSE))/100 -> 0.0282 | D3: =(VLOOKUP($B3,Daily!$A$1:$W$10000,D$1,FALSE))/100 -> 0.0407 | E3: =(VLOOKUP($B3,Daily!$A$1:$W$10000,E$1,FALSE))/100 -> 0.0496 | F3: =(VLOOKUP($B3,Daily!$A$1:$W$10000,F$1,FALSE))/100 -> 0.0607 | G3: =(VLOOKUP($B3,Daily!$A$1:$W$10000,G$1,FALSE))/100 -> 0.0672 | H3: =(VLOOKUP($B3,Daily!$A$1:$W$10000,H$1,FALSE))/100 -> 0.0713 | I3: =(VLOOKUP($B3,Daily!$A$1:$W$10000,I$1,FALSE))/100 -> 0.0741 | J3: =(VLOOKUP($B3,Daily!$A$1:$W$10000,J$1,FALSE))/100 -> 0.0761 | ... X3: =(VLOOKUP($B3,Daily!$A$1:$W$10000,X$1,FALSE))/100 -> 0.0839
A4: 40299 | B4: =WORKDAY(EOMONTH(A4,0)+1, -1) -> 40329 | C4: =(VLOOKUP($B4,Daily!$A$1:$W$10000,C$1,FALSE))/100 -> 0.0483 | D4: =(VLOOKUP($B4,Daily!$A$1:$W$10000,D$1,FALSE))/100 -> 0.05 | E4: =(VLOOKUP($B4,Daily!$A$1:$W$10000,E$1,FALSE))/100 -> 0.0528 | F4: =(VLOOKUP($B4,Daily!$A$1:$W$10000,F$1,FALSE))/100 -> 0.059 | G4: =(VLOOKUP($B4,Daily!$A$1:$W$10000,G$1,FALSE))/100 -> 0.0646 | H4: =(VLOOKUP($B4,Daily!$A$1:$W$10000,H$1,FALSE))/100 -> 0.069 | I4: =(VLOOKUP($B4,Daily!$A$1:$W$10000,I$1,FALSE))/100 -> 0.0722 | J4: =(VLOOKUP($B4,Daily!$A$1:$W$10000,J$1,FALSE))/100 -> 0.0746 | ... X4: =(VLOOKUP($B4,Daily!$A$1:$W$10000,X$1,FALSE))/100 -> 0.0819
A5: 40330 | B5: =WORKDAY(EOMONTH(A5,0)+1, -1) -> 40359 | C5: =(VLOOKUP($B5,Daily!$A$1:$W$10000,C$1,FALSE))/100 -> 0.0505 | D5: =(VLOOKUP($B5,Daily!$A$1:$W$10000,D$1,FALSE))/100 -> 0.0519 | E5: =(VLOOKUP($B5,Daily!$A$1:$W$10000,E$1,FALSE))/100 -> 0.0548 | F5: =(VLOOKUP($B5,Daily!$A$1:$W$10000,F$1,FALSE))/100 -> 0.0612 | G5: =(VLOOKUP($B5,Daily!$A$1:$W$10000,G$1,FALSE))/100 -> 0.0664 | H5: =(VLOOKUP($B5,Daily!$A$1:$W$10000,H$1,FALSE))/100 -> 0.0703 | I5: =(VLOOKUP($B5,Daily!$A$1:$W$10000,I$1,FALSE))/100 -> 0.073 | J5: =(VLOOKUP($B5,Daily!$A$1:$W$10000,J$1,FALSE))/100 -> 0.075 | ... X5: =(VLOOKUP($B5,Daily!$A$1:$W$10000,X$1,FALSE))/100 -> 0.0824
A6: 40360 | B6: =WORKDAY(EOMONTH(A6,0)+1, -1) -> 40389 | C6: =(VLOOKUP($B6,Daily!$A$1:$W$10000,C$1,FALSE))/100 -> 0.052 | D6: =(VLOOKUP($B6,Daily!$A$1:$W$10000,D$1,FALSE))/100 -> 0.0569 | E6: =(VLOOKUP($B6,Daily!$A$1:$W$10000,E$1,FALSE))/100 -> 0.0609 | F6: =(VLOOKUP($B6,Daily!$A$1:$W$10000,F$1,FALSE))/100 -> 0.0668 | G6: =(VLOOKUP($B6,Daily!$A$1:$W$10000,G$1,FALSE))/100 -> 0.0709 | H6: =(VLOOKUP($B6,Daily!$A$1:$W$10000,H$1,FALSE))/100 -> 0.0737 | I6: =(VLOOKUP($B6,Daily!$A$1:$W$10000,I$1,FALSE))/100 -> 0.0757 | J6: =(VLOOKUP($B6,Daily!$A$1:$W$10000,J$1,FALSE))/100 -> 0.0772 | ... X6: =(VLOOKUP($B6,Daily!$A$1:$W$10000,X$1,FALSE))/100 -> 0.0831
A7: 40391 | B7: =WORKDAY(EOMONTH(A7,0)+1, -1) -> 40421 | C7: =(VLOOKUP($B7,Daily!$A$1:$W$10000,C$1,FALSE))/100 -> 0.0576 | D7: =(VLOOKUP($B7,Daily!$A$1:$W$10000,D$1,FALSE))/100 -> 0.0609 | E7: =(VLOOKUP($B7,Daily!$A$1:$W$10000,E$1,FALSE))/100 -> 0.064 | F7: =(VLOOKUP($B7,Daily!$A$1:$W$10000,F$1,FALSE))/100 -> 0.0691 | G7: =(VLOOKUP($B7,Daily!$A$1:$W$10000,G$1,FALSE))/100 -> 0.0728 | H7: =(VLOOKUP($B7,Daily!$A$1:$W$10000,H$1,FALSE))/100 -> 0.0753 | I7: =(VLOOKUP($B7,Daily!$A$1:$W$10000,I$1,FALSE))/100 -> 0.0771 | J7: =(VLOOKUP($B7,Daily!$A$1:$W$10000,J$1,FALSE))/100 -> 0.0784 | ... X7: =(VLOOKUP($B7,Daily!$A$1:$W$10000,X$1,FALSE))/100 -> 0.0831
A8: 40422 | B8: =WORKDAY(EOMONTH(A8,0)+1, -1)-1 -> 40450 | C8: =(VLOOKUP($B8,Daily!$A$1:$W$10000,C$1,FALSE))/100 -> 0.0559 | D8: =(VLOOKUP($B8,Daily!$A$1:$W$10000,D$1,FALSE))/100 -> 0.0628 | E8: =(VLOOKUP($B8,Daily!$A$1:$W$10000,E$1,FALSE))/100 -> 0.0661 | F8: =(VLOOKUP($B8,Daily!$A$1:$W$10000,F$1,FALSE))/100 -> 0.0699 | G8: =(VLOOKUP($B8,Daily!$A$1:$W$10000,G$1,FALSE))/100 -> 0.0727 | H8: =(VLOOKUP($B8,Daily!$A$1:$W$10000,H$1,FALSE))/100 -> 0.0748 | I8: =(VLOOKUP($B8,Daily!$A$1:$W$10000,I$1,FALSE))/100 -> 0.0765 | J8: =(VLOOKUP($B8,Daily!$A$1:$W$10000,J$1,FALSE))/100 -> 0.0777 | ... X8: =(VLOOKUP($B8,Daily!$A$1:$W$10000,X$1,FALSE))/100 -> 0.0825
A9: 40452 | B9: =WORKDAY(EOMONTH(A9,0)+1, -1) -> 40480 | C9: =(VLOOKUP($B9,Daily!$A$1:$W$10000,C$1,FALSE))/100 -> 0.0631 | D9: =(VLOOKUP($B9,Daily!$A$1:$W$10000,D$1,FALSE))/100 -> 0.066 | E9: =(VLOOKUP($B9,Daily!$A$1:$W$10000,E$1,FALSE))/100 -> 0.0685 | F9: =(VLOOKUP($B9,Daily!$A$1:$W$10000,F$1,FALSE))/100 -> 0.0722 | G9: =(VLOOKUP($B9,Daily!$A$1:$W$10000,G$1,FALSE))/100 -> 0.0749 | H9: =(VLOOKUP($B9,Daily!$A$1:$W$10000,H$1,FALSE))/100 -> 0.0768 | I9: =(VLOOKUP($B9,Daily!$A$1:$W$10000,I$1,FALSE))/100 -> 0.0782 | J9: =(VLOOKUP($B9,Daily!$A$1:$W$10000,J$1,FALSE))/100 -> 0.0793 | ... X9: =(VLOOKUP($B9,Daily!$A$1:$W$10000,X$1,FALSE))/100 -> 0.0838
A10: 40483 | B10: =WORKDAY(EOMONTH(A10,0)+1, -1) -> 40512 | C10: =(VLOOKUP($B10,Daily!$A$1:$W$10000,C$1,FALSE))/100 -> 0.0649 | D10: =(VLOOKUP($B10,Daily!$A$1:$W$10000,D$1,FALSE))/100 -> 0.0687 | E10: =(VLOOKUP($B10,Daily!$A$1:$W$10000,E$1,FALSE))/100 -> 0.0713 | F10: =(VLOOKUP($B10,Daily!$A$1:$W$10000,F$1,FALSE))/100 -> 0.0742 | G10: =(VLOOKUP($B10,Daily!$A$1:$W$10000,G$1,FALSE))/100 -> 0.0759 | H10: =(VLOOKUP($B10,Daily!$A$1:$W$10000,H$1,FALSE))/100 -> 0.077 | I10: =(VLOOKUP($B10,Daily!$A$1:$W$10000,I$1,FALSE))/100 -> 0.0778 | J10: =(VLOOKUP($B10,Daily!$A$1:$W$10000,J$1,FALSE))/100 -> 0.0786 | ... X10: =(VLOOKUP($B10,Daily!$A$1:$W$10000,X$1,FALSE))/100 -> 0.0837
A11: 40513 | B11: =WORKDAY(EOMONTH(A11,0)+1, -1) -> 40543 | C11: =(VLOOKUP($B11,Daily!$A$1:$W$10000,C$1,FALSE))/100 -> 0.0651 | D11: =(VLOOKUP($B11,Daily!$A$1:$W$10000,D$1,FALSE))/100 -> 0.0689 | E11: =(VLOOKUP($B11,Daily!$A$1:$W$10000,E$1,FALSE))/100 -> 0.0715 | F11: =(VLOOKUP($B11,Daily!$A$1:$W$10000,F$1,FALSE))/100 -> 0.0744 | G11: =(VLOOKUP($B11,Daily!$A$1:$W$10000,G$1,FALSE))/100 -> 0.0758 | H11: =(VLOOKUP($B11,Daily!$A$1:$W$10000,H$1,FALSE))/100 -> 0.0765 | I11: =(VLOOKUP($B11,Daily!$A$1:$W$10000,I$1,FALSE))/100 -> 0.0771 | J11: =(VLOOKUP($B11,Daily!$A$1:$W$10000,J$1,FALSE))/100 -> 0.0777 | ... X11: =(VLOOKUP($B11,Daily!$A$1:$W$10000,X$1,FALSE))/100 -> 0.0837
A12: 40544 | B12: =WORKDAY(EOMONTH(A12,0)+1, -1) -> 40574 | C12: =(VLOOKUP($B12,Daily!$A$1:$W$10000,C$1,FALSE))/100 -> 0.0603 | D12: =(VLOOKUP($B12,Daily!$A$1:$W$10000,D$1,FALSE))/100 -> 0.0733 | E12: =(VLOOKUP($B12,Daily!$A$1:$W$10000,E$1,FALSE))/100 -> 0.0752 | F12: =(VLOOKUP($B12,Daily!$A$1:$W$10000,F$1,FALSE))/100 -> 0.0754 | G12: =(VLOOKUP($B12,Daily!$A$1:$W$10000,G$1,FALSE))/100 -> 0.0759 | H12: =(VLOOKUP($B12,Daily!$A$1:$W$10000,H$1,FALSE))/100 -> 0.0768 | I12: =(VLOOKUP($B12,Daily!$A$1:$W$10000,I$1,FALSE))/100 -> 0.0779 | J12: =(VLOOKUP($B12,Daily!$A$1:$W$10000,J$1,FALSE))/100 -> 0.0789 | ... X12: =(VLOOKUP($B12,Daily!$A$1:$W$10000,X$1,FALSE))/100 -> 0.0849
A13: 40575 | B13: =WORKDAY(EOMONTH(A13,0)+1, -1) -> 40602 | C13: =(VLOOKUP($B13,Daily!$A$1:$W$10000,C$1,FALSE))/100 -> 0.0588 | D13: =(VLOOKUP($B13,Daily!$A$1:$W$10000,D$1,FALSE))/100 -> 0.0733 | E13: =(VLOOKUP($B13,Daily!$A$1:$W$10000,E$1,FALSE))/100 -> 0.0739 | F13: =(VLOOKUP($B13,Daily!$A$1:$W$10000,F$1,FALSE))/100 -> 0.0734 | G13: =(VLOOKUP($B13,Daily!$A$1:$W$10000,G$1,FALSE))/100 -> 0.0741 | H13: =(VLOOKUP($B13,Daily!$A$1:$W$10000,H$1,FALSE))/100 -> 0.0754 | I13: =(VLOOKUP($B13,Daily!$A$1:$W$10000,I$1,FALSE))/100 -> 0.0769 | J13: =(VLOOKUP($B13,Daily!$A$1:$W$10000,J$1,FALSE))/100 -> 0.0782 | ... X13: =(VLOOKUP($B13,Daily!$A$1:$W$10000,X$1,FALSE))/100 -> 0.0846
A14: 40603 | B14: =WORKDAY(EOMONTH(A14,0)+1, -1) -> 40633 | C14: =(VLOOKUP($B14,Daily!$A$1:$W$10000,C$1,FALSE))/100 -> 0.0673 | D14: =(VLOOKUP($B14,Daily!$A$1:$W$10000,D$1,FALSE))/100 -> 0.0726 | E14: =(VLOOKUP($B14,Daily!$A$1:$W$10000,E$1,FALSE))/100 -> 0.0747 | F14: =(VLOOKUP($B14,Daily!$A$1:$W$10000,F$1,FALSE))/100 -> 0.0754 | G14: =(VLOOKUP($B14,Daily!$A$1:$W$10000,G$1,FALSE))/100 -> 0.0755 | H14: =(VLOOKUP($B14,Daily!$A$1:$W$10000,H$1,FALSE))/100 -> 0.076 | I14: =(VLOOKUP($B14,Daily!$A$1:$W$10000,I$1,FALSE))/100 -> 0.0769 | J14: =(VLOOKUP($B14,Daily!$A$1:$W$10000,J$1,FALSE))/100 -> 0.0778 | ... X14: =(VLOOKUP($B14,Daily!$A$1:$W$10000,X$1,FALSE))/100 -> 0.0835
A15: 40634 | B15: =WORKDAY(EOMONTH(A15,0)+1, -1) -> 40662 | C15: =(VLOOKUP($B15,Daily!$A$1:$W$10000,C$1,FALSE))/100 -> 0.0705 | D15: =(VLOOKUP($B15,Daily!$A$1:$W$10000,D$1,FALSE))/100 -> 0.0784 | E15: =(VLOOKUP($B15,Daily!$A$1:$W$10000,E$1,FALSE))/100 -> 0.0792 | F15: =(VLOOKUP($B15,Daily!$A$1:$W$10000,F$1,FALSE))/100 -> 0.0787 | G15: =(VLOOKUP($B15,Daily!$A$1:$W$10000,G$1,FALSE))/100 -> 0.0785 | H15: =(VLOOKUP($B15,Daily!$A$1:$W$10000,H$1,FALSE))/100 -> 0.0788 | I15: =(VLOOKUP($B15,Daily!$A$1:$W$10000,I$1,FALSE))/100 -> 0.0793 | J15: =(VLOOKUP($B15,Daily!$A$1:$W$10000,J$1,FALSE))/100 -> 0.0799 | ... X15: =(VLOOKUP($B15,Daily!$A$1:$W$10000,X$1,FALSE))/100 -> 0.0845
A16: 40664 | B16: =WORKDAY(EOMONTH(A16,0)+1, -1) -> 40694 | C16: =(VLOOKUP($B16,Daily!$A$1:$W$10000,C$1,FALSE))/100 -> 0.075 | D16: =(VLOOKUP($B16,Daily!$A$1:$W$10000,D$1,FALSE))/100 -> 0.0819 | E16: =(VLOOKUP($B16,Daily!$A$1:$W$10000,E$1,FALSE))/100 -> 0.0805 | F16: =(VLOOKUP($B16,Daily!$A$1:$W$10000,F$1,FALSE))/100 -> 0.0791 | G16: =(VLOOKUP($B16,Daily!$A$1:$W$10000,G$1,FALSE))/100 -> 0.0793 | H16: =(VLOOKUP($B16,Daily!$A$1:$W$10000,H$1,FALSE))/100 -> 0.0801 | I16: =(VLOOKUP($B16,Daily!$A$1:$W$10000,I$1,FALSE))/100 -> 0.0809 | J16: =(VLOOKUP($B16,Daily!$A$1:$W$10000,J$1,FALSE))/100 -> 0.0817 | ... X16: =(VLOOKUP($B16,Daily!$A$1:$W$10000,X$1,FALSE))/100 -> 0.0856
A17: 40695 | B17: =WORKDAY(EOMONTH(A17,0)+1, -1) -> 40724 | C17: =(VLOOKUP($B17,Daily!$A$1:$W$10000,C$1,FALSE))/100 -> 0.077 | D17: =(VLOOKUP($B17,Daily!$A$1:$W$10000,D$1,FALSE))/100 -> 0.0813 | E17: =(VLOOKUP($B17,Daily!$A$1:$W$10000,E$1,FALSE))/100 -> 0.0809 | F17: =(VLOOKUP($B17,Daily!$A$1:$W$10000,F$1,FALSE))/100 -> 0.0798 | G17: =(VLOOKUP($B17,Daily!$A$1:$W$10000,G$1,FALSE))/100 -> 0.0796 | H17: =(VLOOKUP($B17,Daily!$A$1:$W$10000,H$1,FALSE))/100 -> 0.08 | I17: =(VLOOKUP($B17,Daily!$A$1:$W$10000,I$1,FALSE))/100 -> 0.0805 | J17: =(VLOOKUP($B17,Daily!$A$1:$W$10000,J$1,FALSE))/100 -> 0.0811 | ... X17: =(VLOOKUP($B17,Daily!$A$1:$W$10000,X$1,FALSE))/100 -> 0.0851
A18: 40725 | B18: =WORKDAY(EOMONTH(A18,0)+1, -1) -> 40753 | C18: =(VLOOKUP($B18,Daily!$A$1:$W$10000,C$1,FALSE))/100 -> 0.0823 | D18: =(VLOOKUP($B18,Daily!$A$1:$W$10000,D$1,FALSE))/100 -> 0.0821 | E18: =(VLOOKUP($B18,Daily!$A$1:$W$10000,E$1,FALSE))/100 -> 0.082 | F18: =(VLOOKUP($B18,Daily!$A$1:$W$10000,F$1,FALSE))/100 -> 0.0819 | G18: =(VLOOKUP($B18,Daily!$A$1:$W$10000,G$1,FALSE))/100 -> 0.0821 | H18: =(VLOOKUP($B18,Daily!$A$1:$W$10000,H$1,FALSE))/100 -> 0.0823 | I18: =(VLOOKUP($B18,Daily!$A$1:$W$10000,I$1,FALSE))/100 -> 0.0825 | J18: =(VLOOKUP($B18,Daily!$A$1:$W$10000,J$1,FALSE))/100 -> 0.0828 | ... X18: =(VLOOKUP($B18,Daily!$A$1:$W$10000,X$1,FALSE))/100 -> 0.0857
A19: 40756 | B19: =WORKDAY(EOMONTH(A19,0)+1, -1)-1 -> 40785 | C19: =(VLOOKUP($B19,Daily!$A$1:$W$10000,C$1,FALSE))/100 -> 0.0812 | D19: =(VLOOKUP($B19,Daily!$A$1:$W$10000,D$1,FALSE))/100 -> 0.082 | E19: =(VLOOKUP($B19,Daily!$A$1:$W$10000,E$1,FALSE))/100 -> 0.0819 | F19: =(VLOOKUP($B19,Daily!$A$1:$W$10000,F$1,FALSE))/100 -> 0.0812 | G19: =(VLOOKUP($B19,Daily!$A$1:$W$10000,G$1,FALSE))/100 -> 0.0809 | H19: =(VLOOKUP($B19,Daily!$A$1:$W$10000,H$1,FALSE))/100 -> 0.0809 | I19: =(VLOOKUP($B19,Daily!$A$1:$W$10000,I$1,FALSE))/100 -> 0.0811 | J19: =(VLOOKUP($B19,Daily!$A$1:$W$10000,J$1,FALSE))/100 -> 0.0814 | ... X19: =(VLOOKUP($B19,Daily!$A$1:$W$10000,X$1,FALSE))/100 -> 0.085
A20: 40787 | B20: =WORKDAY(EOMONTH(A20,0)+1, -1)-1 -> 40815 | C20: =(VLOOKUP($B20,Daily!$A$1:$W$10000,C$1,FALSE))/100 -> 0.0824 | D20: =(VLOOKUP($B20,Daily!$A$1:$W$10000,D$1,FALSE))/100 -> 0.0819 | E20: =(VLOOKUP($B20,Daily!$A$1:$W$10000,E$1,FALSE))/100 -> 0.0815 | F20: =(VLOOKUP($B20,Daily!$A$1:$W$10000,F$1,FALSE))/100 -> 0.0811 | G20: =(VLOOKUP($B20,Daily!$A$1:$W$10000,G$1,FALSE))/100 -> 0.0811 | H20: =(VLOOKUP($B20,Daily!$A$1:$W$10000,H$1,FALSE))/100 -> 0.0813 | I20: =(VLOOKUP($B20,Daily!$A$1:$W$10000,I$1,FALSE))/100 -> 0.0816 | J20: =(VLOOKUP($B20,Daily!$A$1:$W$10000,J$1,FALSE))/100 -> 0.0819 | ... X20: =(VLOOKUP($B20,Daily!$A$1:$W$10000,X$1,FALSE))/100 -> 0.0852
A21: 40817 | B21: =WORKDAY(EOMONTH(A21,0)+1, -1) -> 40847 | C21: =(VLOOKUP($B21,Daily!$A$1:$W$10000,C$1,FALSE))/100 -> 0.0858 | D21: =(VLOOKUP($B21,Daily!$A$1:$W$10000,D$1,FALSE))/100 -> 0.085 | E21: =(VLOOKUP($B21,Daily!$A$1:$W$10000,E$1,FALSE))/100 -> 0.0849 | F21: =(VLOOKUP($B21,Daily!$A$1:$W$10000,F$1,FALSE))/100 -> 0.0853 | G21: =(VLOOKUP($B21,Daily!$A$1:$W$10000,G$1,FALSE))/100 -> 0.0859 | H21: =(VLOOKUP($B21,Daily!$A$1:$W$10000,H$1,FALSE))/100 -> 0.0864 | I21: =(VLOOKUP($B21,Daily!$A$1:$W$10000,I$1,FALSE))/100 -> 0.0867 | J21: =(VLOOKUP($B21,Daily!$A$1:$W$10000,J$1,FALSE))/100 -> 0.087 | ... X21: =(VLOOKUP($B21,Daily!$A$1:$W$10000,X$1,FALSE))/100 -> 0.0879
A22: 40848 | B22: =WORKDAY(EOMONTH(A22,0)+1, -1) -> 40877 | C22: =(VLOOKUP($B22,Daily!$A$1:$W$10000,C$1,FALSE))/100 -> 0.0875 | D22: =(VLOOKUP($B22,Daily!$A$1:$W$10000,D$1,FALSE))/100 -> 0.0854 | E22: =(VLOOKUP($B22,Daily!$A$1:$W$10000,E$1,FALSE))/100 -> 0.0847 | F22: =(VLOOKUP($B22,Daily!$A$1:$W$10000,F$1,FALSE))/100 -> 0.0845 | G22: =(VLOOKUP($B22,Daily!$A$1:$W$10000,G$1,FALSE))/100 -> 0.0846 | H22: =(VLOOKUP($B22,Daily!$A$1:$W$10000,H$1,FALSE))/100 -> 0.0848 | I22: =(VLOOKUP($B22,Daily!$A$1:$W$10000,I$1,FALSE))/100 -> 0.085 | J22: =(VLOOKUP($B22,Daily!$A$1:$W$10000,J$1,FALSE))/100 -> 0.0853 | ... X22: =(VLOOKUP($B22,Daily!$A$1:$W$10000,X$1,FALSE))/100 -> 0.0898
A23: 40878 | B23: =WORKDAY(EOMONTH(A23,0)+1, -1) -> 40907 | C23: =(VLOOKUP($B23,Daily!$A$1:$W$10000,C$1,FALSE))/100 -> 0.088 | D23: =(VLOOKUP($B23,Daily!$A$1:$W$10000,D$1,FALSE))/100 -> 0.0822 | E23: =(VLOOKUP($B23,Daily!$A$1:$W$10000,E$1,FALSE))/100 -> 0.0805 | F23: =(VLOOKUP($B23,Daily!$A$1:$W$10000,F$1,FALSE))/100 -> 0.0807 | G23: =(VLOOKUP($B23,Daily!$A$1:$W$10000,G$1,FALSE))/100 -> 0.0815 | H23: =(VLOOKUP($B23,Daily!$A$1:$W$10000,H$1,FALSE))/100 -> 0.0822 | I23: =(VLOOKUP($B23,Daily!$A$1:$W$10000,I$1,FALSE))/100 -> 0.0826 | J23: =(VLOOKUP($B23,Daily!$A$1:$W$10000,J$1,FALSE))/100 -> 0.083 | ... X23: =(VLOOKUP($B23,Daily!$A$1:$W$10000,X$1,FALSE))/100 -> 0.0872
A24: 40909 | B24: =WORKDAY(EOMONTH(A24,0)+1, -1) -> 40939 | C24: =(VLOOKUP($B24,Daily!$A$1:$W$10000,C$1,FALSE))/100 -> 0.085 | D24: =(VLOOKUP($B24,Daily!$A$1:$W$10000,D$1,FALSE))/100 -> 0.0857 | E24: =(VLOOKUP($B24,Daily!$A$1:$W$10000,E$1,FALSE))/100 -> 0.0837 | F24: =(VLOOKUP($B24,Daily!$A$1:$W$10000,F$1,FALSE))/100 -> 0.0811 | G24: =(VLOOKUP($B24,Daily!$A$1:$W$10000,G$1,FALSE))/100 -> 0.0799 | H24: =(VLOOKUP($B24,Daily!$A$1:$W$10000,H$1,FALSE))/100 -> 0.0796 | I24: =(VLOOKUP($B24,Daily!$A$1:$W$10000,I$1,FALSE))/100 -> 0.0798 | J24: =(VLOOKUP($B24,Daily!$A$1:$W$10000,J$1,FALSE))/100 -> 0.0802 | ... X24: =(VLOOKUP($B24,Daily!$A$1:$W$10000,X$1,FALSE))/100 -> 0.0853
A25: 40940 | B25: =WORKDAY(EOMONTH(A25,0)+1, -1) -> 40968 | C25: =(VLOOKUP($B25,Daily!$A$1:$W$10000,C$1,FALSE))/100 -> 0.0859 | D25: =(VLOOKUP($B25,Daily!$A$1:$W$10000,D$1,FALSE))/100 -> 0.0889 | E25: =(VLOOKUP($B25,Daily!$A$1:$W$10000,E$1,FALSE))/100 -> 0.0875 | F25: =(VLOOKUP($B25,Daily!$A$1:$W$10000,F$1,FALSE))/100 -> 0.0849 | G25: =(VLOOKUP($B25,Daily!$A$1:$W$10000,G$1,FALSE))/100 -> 0.0831 | H25: =(VLOOKUP($B25,Daily!$A$1:$W$10000,H$1,FALSE))/100 -> 0.0819 | I25: =(VLOOKUP($B25,Daily!$A$1:$W$10000,I$1,FALSE))/100 -> 0.0812 | J25: =(VLOOKUP($B25,Daily!$A$1:$W$10000,J$1,FALSE))/100 -> 0.0808 | ... X25: =(VLOOKUP($B25,Daily!$A$1:$W$10000,X$1,FALSE))/100 -> 0.085
A26: 40969 | B26: =WORKDAY(EOMONTH(A26,0)+1, -1) -> 40998 | C26: =(VLOOKUP($B26,Daily!$A$1:$W$10000,C$1,FALSE))/100 -> 0.0885 | D26: =(VLOOKUP($B26,Daily!$A$1:$W$10000,D$1,FALSE))/100 -> 0.0837 | E26: =(VLOOKUP($B26,Daily!$A$1:$W$10000,E$1,FALSE))/100 -> 0.0813 | F26: =(VLOOKUP($B26,Daily!$A$1:$W$10000,F$1,FALSE))/100 -> 0.0802 | G26: =(VLOOKUP($B26,Daily!$A$1:$W$10000,G$1,FALSE))/100 -> 0.0811 | H26: =(VLOOKUP($B26,Daily!$A$1:$W$10000,H$1,FALSE))/100 -> 0.0823 | I26: =(VLOOKUP($B26,Daily!$A$1:$W$10000,I$1,FALSE))/100 -> 0.0834 | J26: =(VLOOKUP($B26,Daily!$A$1:$W$10000,J$1,FALSE))/100 -> 0.0841 | ... X26: =(VLOOKUP($B26,Daily!$A$1:$W$10000,X$1,FALSE))/100 -> 0.0855
A27: 41000 | B27: =WORKDAY(EOMONTH(A27,0)+1, -1) -> 41029 | C27: =(VLOOKUP($B27,Daily!$A$1:$W$10000,C$1,FALSE))/100 -> 0.0842 | D27: =(VLOOKUP($B27,Daily!$A$1:$W$10000,D$1,FALSE))/100 -> 0.0804 | E27: =(VLOOKUP($B27,Daily!$A$1:$W$10000,E$1,FALSE))/100 -> 0.0791 | F27: =(VLOOKUP($B27,Daily!$A$1:$W$10000,F$1,FALSE))/100 -> 0.0796 | G27: =(VLOOKUP($B27,Daily!$A$1:$W$10000,G$1,FALSE))/100 -> 0.0809 | H27: =(VLOOKUP($B27,Daily!$A$1:$W$10000,H$1,FALSE))/100 -> 0.0821 | I27: =(VLOOKUP($B27,Daily!$A$1:$W$10000,I$1,FALSE))/100 -> 0.083 | J27: =(VLOOKUP($B27,Daily!$A$1:$W$10000,J$1,FALSE))/100 -> 0.0837 | ... X27: =(VLOOKUP($B27,Daily!$A$1:$W$10000,X$1,FALSE))/100 -> 0.0883
A28: 41030 | B28: =WORKDAY(EOMONTH(A28,0)+1, -1) -> 41060 | C28: =(VLOOKUP($B28,Daily!$A$1:$W$10000,C$1,FALSE))/100 -> 0.083 | D28: =(VLOOKUP($B28,Daily!$A$1:$W$10000,D$1,FALSE))/100 -> 0.0807 | E28: =(VLOOKUP($B28,Daily!$A$1:$W$10000,E$1,FALSE))/100 -> 0.0796 | F28: =(VLOOKUP($B28,Daily!$A$1:$W$10000,F$1,FALSE))/100 -> 0.0793 | G28: =(VLOOKUP($B28,Daily!$A$1:$W$10000,G$1,FALSE))/100 -> 0.0798 | H28: =(VLOOKUP($B28,Daily!$A$1:$W$10000,H$1,FALSE))/100 -> 0.0805 | I28: =(VLOOKUP($B28,Daily!$A$1:$W$10000,I$1,FALSE))/100 -> 0.0811 | J28: =(VLOOKUP($B28,Daily!$A$1:$W$10000,J$1,FALSE))/100 -> 0.0817 | ... X28: =(VLOOKUP($B28,Daily!$A$1:$W$10000,X$1,FALSE))/100 -> 0.0869
A29: 41061 | B29: =WORKDAY(EOMONTH(A29,0)+1, -1) -> 41089 | C29: =(VLOOKUP($B29,Daily!$A$1:$W$10000,C$1,FALSE))/100 -> 0.0838 | D29: =(VLOOKUP($B29,Daily!$A$1:$W$10000,D$1,FALSE))/100 -> 0.08 | E29: =(VLOOKUP($B29,Daily!$A$1:$W$10000,E$1,FALSE))/100 -> 0.0782 | F29: =(VLOOKUP($B29,Daily!$A$1:$W$10000,F$1,FALSE))/100 -> 0.0776 | G29: =(VLOOKUP($B29,Daily!$A$1:$W$10000,G$1,FALSE))/100 -> 0.0783 | H29: =(VLOOKUP($B29,Daily!$A$1:$W$10000,H$1,FALSE))/100 -> 0.0792 | I29: =(VLOOKUP($B29,Daily!$A$1:$W$10000,I$1,FALSE))/100 -> 0.08 | J29: =(VLOOKUP($B29,Daily!$A$1:$W$10000,J$1,FALSE))/100 -> 0.0806 | ... X29: =(VLOOKUP($B29,Daily!$A$1:$W$10000,X$1,FALSE))/100 -> 0.0858
A30: 41091 | B30: =WORKDAY(EOMONTH(A30,0)+1, -1) -> 41121 | C30: =(VLOOKUP($B30,Daily!$A$1:$W$10000,C$1,FALSE))/100 -> 0.0815 | D30: =(VLOOKUP($B30,Daily!$A$1:$W$10000,D$1,FALSE))/100 -> 0.0795 | E30: =(VLOOKUP($B30,Daily!$A$1:$W$10000,E$1,FALSE))/100 -> 0.0785 | F30: =(VLOOKUP($B30,Daily!$A$1:$W$10000,F$1,FALSE))/100 -> 0.078 | G30: =(VLOOKUP($B30,Daily!$A$1:$W$10000,G$1,FALSE))/100 -> 0.0784 | H30: =(VLOOKUP($B30,Daily!$A$1:$W$10000,H$1,FALSE))/100 -> 0.0791 | I30: =(VLOOKUP($B30,Daily!$A$1:$W$10000,I$1,FALSE))/100 -> 0.0797 | J30: =(VLOOKUP($B30,Daily!$A$1:$W$10000,J$1,FALSE))/100 -> 0.0803 | ... X30: =(VLOOKUP($B30,Daily!$A$1:$W$10000,X$1,FALSE))/100 -> 0.0855
A31: 41122 | B31: =WORKDAY(EOMONTH(A31,0)+1, -1) -> 41152 | C31: =(VLOOKUP($B31,Daily!$A$1:$W$10000,C$1,FALSE))/100 -> 0.0817 | D31: =(VLOOKUP($B31,Daily!$A$1:$W$10000,D$1,FALSE))/100 -> 0.08 | E31: =(VLOOKUP($B31,Daily!$A$1:$W$10000,E$1,FALSE))/100 -> 0.0791 | F31: =(VLOOKUP($B31,Daily!$A$1:$W$10000,F$1,FALSE))/100 -> 0.0786 | G31: =(VLOOKUP($B31,Daily!$A$1:$W$10000,G$1,FALSE))/100 -> 0.079 | H31: =(VLOOKUP($B31,Daily!$A$1:$W$10000,H$1,FALSE))/100 -> 0.0796 | I31: =(VLOOKUP($B31,Daily!$A$1:$W$10000,I$1,FALSE))/100 -> 0.0802 | J31: =(VLOOKUP($B31,Daily!$A$1:$W$10000,J$1,FALSE))/100 -> 0.0807 | ... X31: =(VLOOKUP($B31,Daily!$A$1:$W$10000,X$1,FALSE))/100 -> 0.0856
A32: 41153 | B32: =WORKDAY(EOMONTH(A32,0)+1, -1) -> 41180 | C32: =(VLOOKUP($B32,Daily!$A$1:$W$10000,C$1,FALSE))/100 -> 0.0806 | D32: =(VLOOKUP($B32,Daily!$A$1:$W$10000,D$1,FALSE))/100 -> 0.0793 | E32: =(VLOOKUP($B32,Daily!$A$1:$W$10000,E$1,FALSE))/100 -> 0.0787 | F32: =(VLOOKUP($B32,Daily!$A$1:$W$10000,F$1,FALSE))/100 -> 0.0785 | G32: =(VLOOKUP($B32,Daily!$A$1:$W$10000,G$1,FALSE))/100 -> 0.0788 | H32: =(VLOOKUP($B32,Daily!$A$1:$W$10000,H$1,FALSE))/100 -> 0.0793 | I32: =(VLOOKUP($B32,Daily!$A$1:$W$10000,I$1,FALSE))/100 -> 0.0797 | J32: =(VLOOKUP($B32,Daily!$A$1:$W$10000,J$1,FALSE))/100 -> 0.0801 | ... X32: =(VLOOKUP($B32,Daily!$A$1:$W$10000,X$1,FALSE))/100 -> 0.0843
... A37: 41306 | B37: =WORKDAY(EOMONTH(A37,0)+1, -1) -> 41333 | C37: =(VLOOKUP($B37,Daily!$A$1:$W$10000,C$1,FALSE))/100 -> 0.0802 | D37: =(VLOOKUP($B37,Daily!$A$1:$W$10000,D$1,FALSE))/100 -> 0.0786 | E37: =(VLOOKUP($B37,Daily!$A$1:$W$10000,E$1,FALSE))/100 -> 0.0775 | F37: =(VLOOKUP($B37,Daily!$A$1:$W$10000,F$1,FALSE))/100 -> 0.0767 | G37: =(VLOOKUP($B37,Daily!$A$1:$W$10000,G$1,FALSE))/100 -> 0.0765 | H37: =(VLOOKUP($B37,Daily!$A$1:$W$10000,H$1,FALSE))/100 -> 0.0767 | I37: =(VLOOKUP($B37,Daily!$A$1:$W$10000,I$1,FALSE))/100 -> 0.077 | J37: =(VLOOKUP($B37,Daily!$A$1:$W$10000,J$1,FALSE))/100 -> 0.0773 | ... X37: =(VLOOKUP($B37,Daily!$A$1:$W$10000,X$1,FALSE))/100 -> 0.0796
A38: 41334 | B38: =WORKDAY(EOMONTH(A38,0)+1, -1)-1 -> 41361 | C38: =(VLOOKUP($B38,Daily!$A$1:$W$10000,C$1,FALSE))/100 -> 0.0791 | D38: =(VLOOKUP($B38,Daily!$A$1:$W$10000,D$1,FALSE))/100 -> 0.0766 | E38: =(VLOOKUP($B38,Daily!$A$1:$W$10000,E$1,FALSE))/100 -> 0.076 | F38: =(VLOOKUP($B38,Daily!$A$1:$W$10000,F$1,FALSE))/100 -> 0.0762 | G38: =(VLOOKUP($B38,Daily!$A$1:$W$10000,G$1,FALSE))/100 -> 0.0767 | H38: =(VLOOKUP($B38,Daily!$A$1:$W$10000,H$1,FALSE))/100 -> 0.0771 | I38: =(VLOOKUP($B38,Daily!$A$1:$W$10000,I$1,FALSE))/100 -> 0.0775 | J38: =(VLOOKUP($B38,Daily!$A$1:$W$10000,J$1,FALSE))/100 -> 0.0778 | ... X38: =(VLOOKUP($B38,Daily!$A$1:$W$10000,X$1,FALSE))/100 -> 0.0811
A39: 41365 | B39: =WORKDAY(EOMONTH(A39,0)+1, -1) -> 41394 | C39: =(VLOOKUP($B39,Daily!$A$1:$W$10000,C$1,FALSE))/100 -> 0.0755 | D39: =(VLOOKUP($B39,Daily!$A$1:$W$10000,D$1,FALSE))/100 -> 0.0739 | E39: =(VLOOKUP($B39,Daily!$A$1:$W$10000,E$1,FALSE))/100 -> 0.0733 | F39: =(VLOOKUP($B39,Daily!$A$1:$W$10000,F$1,FALSE))/100 -> 0.0731 | G39: =(VLOOKUP($B39,Daily!$A$1:$W$10000,G$1,FALSE))/100 -> 0.0734 | H39: =(VLOOKUP($B39,Daily!$A$1:$W$10000,H$1,FALSE))/100 -> 0.074 | I39: =(VLOOKUP($B39,Daily!$A$1:$W$10000,I$1,FALSE))/100 -> 0.0745 | J39: =(VLOOKUP($B39,Daily!$A$1:$W$10000,J$1,FALSE))/100 -> 0.0751 | ... X39: =(VLOOKUP($B39,Daily!$A$1:$W$10000,X$1,FALSE))/100 -> 0.0788
A40: 41395 | B40: =WORKDAY(EOMONTH(A40,0)+1, -1) -> 41425 | C40: =(VLOOKUP($B40,Daily!$A$1:$W$10000,C$1,FALSE))/100 -> 0.0731 | D40: =(VLOOKUP($B40,Daily!$A$1:$W$10000,D$1,FALSE))/100 -> 0.0718 | E40: =(VLOOKUP($B40,Daily!$A$1:$W$10000,E$1,FALSE))/100 -> 0.0712 | F40: =(VLOOKUP($B40,Daily!$A$1:$W$10000,F$1,FALSE))/100 -> 0.071 | G40: =(VLOOKUP($B40,Daily!$A$1:$W$10000,G$1,FALSE))/100 -> 0.0714 | H40: =(VLOOKUP($B40,Daily!$A$1:$W$10000,H$1,FALSE))/100 -> 0.0718 | I40: =(VLOOKUP($B40,Daily!$A$1:$W$10000,I$1,FALSE))/100 -> 0.0722 | J40: =(VLOOKUP($B40,Daily!$A$1:$W$10000,J$1,FALSE))/100 -> 0.0725 | ... X40: =(VLOOKUP($B40,Daily!$A$1:$W$10000,X$1,FALSE))/100 -> 0.0742
A41: 41426 | B41: =WORKDAY(EOMONTH(A41,0)+1, -1) -> 41453 | C41: =(VLOOKUP($B41,Daily!$A$1:$W$10000,C$1,FALSE))/100 -> 0.0738 | D41: =(VLOOKUP($B41,Daily!$A$1:$W$10000,D$1,FALSE))/100 -> 0.0739 | E41: =(VLOOKUP($B41,Daily!$A$1:$W$10000,E$1,FALSE))/100 -> 0.074 | F41: =(VLOOKUP($B41,Daily!$A$1:$W$10000,F$1,FALSE))/100 -> 0.0742 | G41: =(VLOOKUP($B41,Daily!$A$1:$W$10000,G$1,FALSE))/100 -> 0.0743 | H41: =(VLOOKUP($B41,Daily!$A$1:$W$10000,H$1,FALSE))/100 -> 0.0745 | I41: =(VLOOKUP($B41,Daily!$A$1:$W$10000,I$1,FALSE))/100 -> 0.0747 | J41: =(VLOOKUP($B41,Daily!$A$1:$W$10000,J$1,FALSE))/100 -> 0.0749 | ... X41: =(VLOOKUP($B41,Daily!$A$1:$W$10000,X$1,FALSE))/100 -> 0.0772
A42: 41456 | B42: =WORKDAY(EOMONTH(A42,0)+1, -1) -> 41486 | C42: =(VLOOKUP($B42,Daily!$A$1:$W$10000,C$1,FALSE))/100 -> 0.109 | D42: =(VLOOKUP($B42,Daily!$A$1:$W$10000,D$1,FALSE))/100 -> 0.0999 | E42: =(VLOOKUP($B42,Daily!$A$1:$W$10000,E$1,FALSE))/100 -> 0.0936 | F42: =(VLOOKUP($B42,Daily!$A$1:$W$10000,F$1,FALSE))/100 -> 0.0886 | G42: =(VLOOKUP($B42,Daily!$A$1:$W$10000,G$1,FALSE))/100 -> 0.0864 | H42: =(VLOOKUP($B42,Daily!$A$1:$W$10000,H$1,FALSE))/100 -> 0.0852 | I42: =(VLOOKUP($B42,Daily!$A$1:$W$10000,I$1,FALSE))/100 -> 0.0845 | J42: =(VLOOKUP($B42,Daily!$A$1:$W$10000,J$1,FALSE))/100 -> 0.0841 | ... X42: =(VLOOKUP($B42,Daily!$A$1:$W$10000,X$1,FALSE))/100 -> 0.0859
A43: 41487 | B43: =WORKDAY(EOMONTH(A43,0)+1, -1) -> 41516 | C43: =(VLOOKUP($B43,Daily!$A$1:$W$10000,C$1,FALSE))/100 -> 0.105 | D43: =(VLOOKUP($B43,Daily!$A$1:$W$10000,D$1,FALSE))/100 -> 0.1048 | E43: =(VLOOKUP($B43,Daily!$A$1:$W$10000,E$1,FALSE))/100 -> 0.0957 | F43: =(VLOOKUP($B43,Daily!$A$1:$W$10000,F$1,FALSE))/100 -> 0.09 | G43: =(VLOOKUP($B43,Daily!$A$1:$W$10000,G$1,FALSE))/100 -> 0.0889 | H43: =(VLOOKUP($B43,Daily!$A$1:$W$10000,H$1,FALSE))/100 -> 0.0887 | I43: =(VLOOKUP($B43,Daily!$A$1:$W$10000,I$1,FALSE))/100 -> 0.0889 | J43: =(VLOOKUP($B43,Daily!$A$1:$W$10000,J$1,FALSE))/100 -> 0.0891 | ... X43: =(VLOOKUP($B43,Daily!$A$1:$W$10000,X$1,FALSE))/100 -> 0.09
A44: 41518 | B44: =WORKDAY(EOMONTH(A44,0)+1, -1) -> 41547 | C44: =(VLOOKUP($B44,Daily!$A$1:$W$10000,C$1,FALSE))/100 -> 0.0974 | D44: =(VLOOKUP($B44,Daily!$A$1:$W$10000,D$1,FALSE))/100 -> 0.0907 | E44: =(VLOOKUP($B44,Daily!$A$1:$W$10000,E$1,FALSE))/100 -> 0.0871 | F44: =(VLOOKUP($B44,Daily!$A$1:$W$10000,F$1,FALSE))/100 -> 0.0846 | G44: =(VLOOKUP($B44,Daily!$A$1:$W$10000,G$1,FALSE))/100 -> 0.0848 | H44: =(VLOOKUP($B44,Daily!$A$1:$W$10000,H$1,FALSE))/100 -> 0.0858 | I44: =(VLOOKUP($B44,Daily!$A$1:$W$10000,I$1,FALSE))/100 -> 0.0868 | J44: =(VLOOKUP($B44,Daily!$A$1:$W$10000,J$1,FALSE))/100 -> 0.0878 | ... X44: =(VLOOKUP($B44,Daily!$A$1:$W$10000,X$1,FALSE))/100 -> 0.0919
A45: 41548 | B45: =WORKDAY(EOMONTH(A45,0)+1, -1) -> 41578 | C45: =(VLOOKUP($B45,Daily!$A$1:$W$10000,C$1,FALSE))/100 -> 0.086 | D45: =(VLOOKUP($B45,Daily!$A$1:$W$10000,D$1,FALSE))/100 -> 0.084 | E45: =(VLOOKUP($B45,Daily!$A$1:$W$10000,E$1,FALSE))/100 -> 0.0828 | F45: =(VLOOKUP($B45,Daily!$A$1:$W$10000,F$1,FALSE))/100 -> 0.0821 | G45: =(VLOOKUP($B45,Daily!$A$1:$W$10000,G$1,FALSE))/100 -> 0.0824 | H45: =(VLOOKUP($B45,Daily!$A$1:$W$10000,H$1,FALSE))/100 -> 0.0832 | I45: =(VLOOKUP($B45,Daily!$A$1:$W$10000,I$1,FALSE))/100 -> 0.0841 | J45: =(VLOOKUP($B45,Daily!$A$1:$W$10000,J$1,FALSE))/100 -> 0.085 | ... X45: =(VLOOKUP($B45,Daily!$A$1:$W$10000,X$1,FALSE))/100 -> 0.0897
A46: 41579 | B46: =WORKDAY(EOMONTH(A46,0)+1, -1) -> 41607 | C46: =(VLOOKUP($B46,Daily!$A$1:$W$10000,C$1,FALSE))/100 -> 0.0872 | D46: =(VLOOKUP($B46,Daily!$A$1:$W$10000,D$1,FALSE))/100 -> 0.086 | E46: =(VLOOKUP($B46,Daily!$A$1:$W$10000,E$1,FALSE))/100 -> 0.0852 | F46: =(VLOOKUP($B46,Daily!$A$1:$W$10000,F$1,FALSE))/100 -> 0.0847 | G46: =(VLOOKUP($B46,Daily!$A$1:$W$10000,G$1,FALSE))/100 -> 0.0849 | H46: =(VLOOKUP($B46,Daily!$A$1:$W$10000,H$1,FALSE))/100 -> 0.0854 | I46: =(VLOOKUP($B46,Daily!$A$1:$W$10000,I$1,FALSE))/100 -> 0.086 | J46: =(VLOOKUP($B46,Daily!$A$1:$W$10000,J$1,FALSE))/100 -> 0.0867 | ... X46: =(VLOOKUP($B46,Daily!$A$1:$W$10000,X$1,FALSE))/100 -> 0.0908
A47: 41609 | B47: =WORKDAY(EOMONTH(A47,0)+1, -1) -> 41639 | C47: =(VLOOKUP($B47,Daily!$A$1:$W$10000,C$1,FALSE))/100 -> 0.0872 | D47: =(VLOOKUP($B47,Daily!$A$1:$W$10000,D$1,FALSE))/100 -> 0.0853 | E47: =(VLOOKUP($B47,Daily!$A$1:$W$10000,E$1,FALSE))/100 -> 0.0844 | F47: =(VLOOKUP($B47,Daily!$A$1:$W$10000,F$1,FALSE))/100 -> 0.0841 | G47: =(VLOOKUP($B47,Daily!$A$1:$W$10000,G$1,FALSE))/100 -> 0.0849 | H47: =(VLOOKUP($B47,Daily!$A$1:$W$10000,H$1,FALSE))/100 -> 0.0859 | I47: =(VLOOKUP($B47,Daily!$A$1:$W$10000,I$1,FALSE))/100 -> 0.0869 | J47: =(VLOOKUP($B47,Daily!$A$1:$W$10000,J$1,FALSE))/100 -> 0.0877 | ... X47: =(VLOOKUP($B47,Daily!$A$1:$W$10000,X$1,FALSE))/100 -> 0.0919
A48: 41640 | B48: =WORKDAY(EOMONTH(A48,0)+1, -1) -> 41670 | C48: =(VLOOKUP($B48,Daily!$A$1:$W$10000,C$1,FALSE))/100 -> 0.0864 | D48: =(VLOOKUP($B48,Daily!$A$1:$W$10000,D$1,FALSE))/100 -> 0.0859 | E48: =(VLOOKUP($B48,Daily!$A$1:$W$10000,E$1,FALSE))/100 -> 0.0856 | F48: =(VLOOKUP($B48,Daily!$A$1:$W$10000,F$1,FALSE))/100 -> 0.0854 | G48: =(VLOOKUP($B48,Daily!$A$1:$W$10000,G$1,FALSE))/100 -> 0.0857 | H48: =(VLOOKUP($B48,Daily!$A$1:$W$10000,H$1,FALSE))/100 -> 0.0861 | I48: =(VLOOKUP($B48,Daily!$A$1:$W$10000,I$1,FALSE))/100 -> 0.0867 | J48: =(VLOOKUP($B48,Daily!$A$1:$W$10000,J$1,FALSE))/100 -> 0.0873 | ... X48: =(VLOOKUP($B48,Daily!$A$1:$W$10000,X$1,FALSE))/100 -> 0.0919
A49: 41671 | B49: =WORKDAY(EOMONTH(A49,0)+1, -1) -> 41698 | C49: =(VLOOKUP($B49,Daily!$A$1:$W$10000,C$1,FALSE))/100 -> 0.09 | D49: =(VLOOKUP($B49,Daily!$A$1:$W$10000,D$1,FALSE))/100 -> 0.0888 | E49: =(VLOOKUP($B49,Daily!$A$1:$W$10000,E$1,FALSE))/100 -> 0.087 | F49: =(VLOOKUP($B49,Daily!$A$1:$W$10000,F$1,FALSE))/100 -> 0.0857 | G49: =(VLOOKUP($B49,Daily!$A$1:$W$10000,G$1,FALSE))/100 -> 0.086 | H49: =(VLOOKUP($B49,Daily!$A$1:$W$10000,H$1,FALSE))/100 -> 0.0868 | I49: =(VLOOKUP($B49,Daily!$A$1:$W$10000,I$1,FALSE))/100 -> 0.0877 | J49: =(VLOOKUP($B49,Daily!$A$1:$W$10000,J$1,FALSE))/100 -> 0.0885 | ... X49: =(VLOOKUP($B49,Daily!$A$1:$W$10000,X$1,FALSE))/100 -> 0.0921
A50: 41699 | B50: =WORKDAY(EOMONTH(A50,0)+1, -1)-3 -> 41726 | C50: =(VLOOKUP($B50,Daily!$A$1:$W$10000,C$1,FALSE))/100 -> 0.0839 | D50: =(VLOOKUP($B50,Daily!$A$1:$W$10000,D$1,FALSE))/100 -> 0.0845 | E50: =(VLOOKUP($B50,Daily!$A$1:$W$10000,E$1,FALSE))/100 -> 0.0838 | F50: =(VLOOKUP($B50,Daily!$A$1:$W$10000,F$1,FALSE))/100 -> 0.0838 | G50: =(VLOOKUP($B50,Daily!$A$1:$W$10000,G$1,FALSE))/100 -> 0.0847 | H50: =(VLOOKUP($B50,Daily!$A$1:$W$10000,H$1,FALSE))/100 -> 0.0858 | I50: =(VLOOKUP($B50,Daily!$A$1:$W$10000,I$1,FALSE))/100 -> 0.0867 | J50: =(VLOOKUP($B50,Daily!$A$1:$W$10000,J$1,FALSE))/100 -> 0.0874 | ... X50: =(VLOOKUP($B50,Daily!$A$1:$W$10000,X$1,FALSE))/100 -> 0.0903
A51: 41730 | B51: =WORKDAY(EOMONTH(A51,0)+1, -1) -> 41759 | C51: =(VLOOKUP($B51,Daily!$A$1:$W$10000,C$1,FALSE))/100 -> 0.084 | D51: =(VLOOKUP($B51,Daily!$A$1:$W$10000,D$1,FALSE))/100 -> 0.0861 | E51: =(VLOOKUP($B51,Daily!$A$1:$W$10000,E$1,FALSE))/100 -> 0.0842 | F51: =(VLOOKUP($B51,Daily!$A$1:$W$10000,F$1,FALSE))/100 -> 0.0835 | G51: =(VLOOKUP($B51,Daily!$A$1:$W$10000,G$1,FALSE))/100 -> 0.0843 | H51: =(VLOOKUP($B51,Daily!$A$1:$W$10000,H$1,FALSE))/100 -> 0.0854 | I51: =(VLOOKUP($B51,Daily!$A$1:$W$10000,I$1,FALSE))/100 -> 0.0863 | J51: =(VLOOKUP($B51,Daily!$A$1:$W$10000,J$1,FALSE))/100 -> 0.0871 | ... X51: =(VLOOKUP($B51,Daily!$A$1:$W$10000,X$1,FALSE))/100 -> 0.0902
A52: 41760 | B52: =WORKDAY(EOMONTH(A52,0)+1, -1) -> 41789 | C52: =(VLOOKUP($B52,Daily!$A$1:$W$10000,C$1,FALSE))/100 -> 0.0837 | D52: =(VLOOKUP($B52,Daily!$A$1:$W$10000,D$1,FALSE))/100 -> 0.084 | E52: =(VLOOKUP($B52,Daily!$A$1:$W$10000,E$1,FALSE))/100 -> 0.0827 | F52: =(VLOOKUP($B52,Daily!$A$1:$W$10000,F$1,FALSE))/100 -> 0.0823 | G52: =(VLOOKUP($B52,Daily!$A$1:$W$10000,G$1,FALSE))/100 -> 0.0829 | H52: =(VLOOKUP($B52,Daily!$A$1:$W$10000,H$1,FALSE))/100 -> 0.0836 | I52: =(VLOOKUP($B52,Daily!$A$1:$W$10000,I$1,FALSE))/100 -> 0.0843 | J52: =(VLOOKUP($B52,Daily!$A$1:$W$10000,J$1,FALSE))/100 -> 0.0848 | ... X52: =(VLOOKUP($B52,Daily!$A$1:$W$10000,X$1,FALSE))/100 -> 0.0869
A53: 41791 | B53: =WORKDAY(EOMONTH(A53,0)+1, -1) -> 41820 | C53: =(VLOOKUP($B53,Daily!$A$1:$W$10000,C$1,FALSE))/100 -> 0.0854 | D53: =(VLOOKUP($B53,Daily!$A$1:$W$10000,D$1,FALSE))/100 -> 0.0835 | E53: =(VLOOKUP($B53,Daily!$A$1:$W$10000,E$1,FALSE))/100 -> 0.0825 | F53: =(VLOOKUP($B53,Daily!$A$1:$W$10000,F$1,FALSE))/100 -> 0.0823 | G53: =(VLOOKUP($B53,Daily!$A$1:$W$10000,G$1,FALSE))/100 -> 0.0831 | H53: =(VLOOKUP($B53,Daily!$A$1:$W$10000,H$1,FALSE))/100 -> 0.084 | I53: =(VLOOKUP($B53,Daily!$A$1:$W$10000,I$1,FALSE))/100 -> 0.0848 | J53: =(VLOOKUP($B53,Daily!$A$1:$W$10000,J$1,FALSE))/100 -> 0.0854 | ... X53: =(VLOOKUP($B53,Daily!$A$1:$W$10000,X$1,FALSE))/100 -> 0.0861
A54: 41821 | B54: =WORKDAY(EOMONTH(A54,0)+1, -1) -> 41851 | C54: =(VLOOKUP($B54,Daily!$A$1:$W$10000,C$1,FALSE))/100 -> 0.085 | D54: =(VLOOKUP($B54,Daily!$A$1:$W$10000,D$1,FALSE))/100 -> 0.0837 | E54: =(VLOOKUP($B54,Daily!$A$1:$W$10000,E$1,FALSE))/100 -> 0.0829 | F54: =(VLOOKUP($B54,Daily!$A$1:$W$10000,F$1,FALSE))/100 -> 0.0822 | G54: =(VLOOKUP($B54,Daily!$A$1:$W$10000,G$1,FALSE))/100 -> 0.0823 | H54: =(VLOOKUP($B54,Daily!$A$1:$W$10000,H$1,FALSE))/100 -> 0.0828 | I54: =(VLOOKUP($B54,Daily!$A$1:$W$10000,I$1,FALSE))/100 -> 0.0835 | J54: =(VLOOKUP($B54,Daily!$A$1:$W$10000,J$1,FALSE))/100 -> 0.0842 | ... X54: =(VLOOKUP($B54,Daily!$A$1:$W$10000,X$1,FALSE))/100 -> 0.0859
A55: 41852 | B55: =WORKDAY(EOMONTH(A55,0)+1, -1)-1 -> 41879 | C55: =(VLOOKUP($B55,Daily!$A$1:$W$10000,C$1,FALSE))/100 -> 0.0844 | D55: =(VLOOKUP($B55,Daily!$A$1:$W$10000,D$1,FALSE))/100 -> 0.084 | E55: =(VLOOKUP($B55,Daily!$A$1:$W$10000,E$1,FALSE))/100 -> 0.0838 | F55: =(VLOOKUP($B55,Daily!$A$1:$W$10000,F$1,FALSE))/100 -> 0.0837 | G55: =(VLOOKUP($B55,Daily!$A$1:$W$10000,G$1,FALSE))/100 -> 0.0839 | H55: =(VLOOKUP($B55,Daily!$A$1:$W$10000,H$1,FALSE))/100 -> 0.0842 | I55: =(VLOOKUP($B55,Daily!$A$1:$W$10000,I$1,FALSE))/100 -> 0.0846 | J55: =(VLOOKUP($B55,Daily!$A$1:$W$10000,J$1,FALSE))/100 -> 0.085 | ... X55: =(VLOOKUP($B55,Daily!$A$1:$W$10000,X$1,FALSE))/100 -> 0.0865
A56: 41883 | B56: =WORKDAY(EOMONTH(A56,0)+1, -1) -> 41912 | C56: =(VLOOKUP($B56,Daily!$A$1:$W$10000,C$1,FALSE))/100 -> 0.0839 | D56: =(VLOOKUP($B56,Daily!$A$1:$W$10000,D$1,FALSE))/100 -> 0.0832 | E56: =(VLOOKUP($B56,Daily!$A$1:$W$10000,E$1,FALSE))/100 -> 0.0828 | F56: =(VLOOKUP($B56,Daily!$A$1:$W$10000,F$1,FALSE))/100 -> 0.0826 | G56: =(VLOOKUP($B56,Daily!$A$1:$W$10000,G$1,FALSE))/100 -> 0.0828 | H56: =(VLOOKUP($B56,Daily!$A$1:$W$10000,H$1,FALSE))/100 -> 0.0833 | I56: =(VLOOKUP($B56,Daily!$A$1:$W$10000,I$1,FALSE))/100 -> 0.0839 | J56: =(VLOOKUP($B56,Daily!$A$1:$W$10000,J$1,FALSE))/100 -> 0.0844 | ... X56: =(VLOOKUP($B56,Daily!$A$1:$W$10000,X$1,FALSE))/100 -> 0.0854
A57: 41913 | B57: =WORKDAY(EOMONTH(A57,0)+1, -1) -> 41943 | C57: =(VLOOKUP($B57,Daily!$A$1:$W$10000,C$1,FALSE))/100 -> 0.0826 | D57: =(VLOOKUP($B57,Daily!$A$1:$W$10000,D$1,FALSE))/100 -> 0.0815 | E57: =(VLOOKUP($B57,Daily!$A$1:$W$10000,E$1,FALSE))/100 -> 0.081 | F57: =(VLOOKUP($B57,Daily!$A$1:$W$10000,F$1,FALSE))/100 -> 0.0808 | G57: =(VLOOKUP($B57,Daily!$A$1:$W$10000,G$1,FALSE))/100 -> 0.0811 | H57: =(VLOOKUP($B57,Daily!$A$1:$W$10000,H$1,FALSE))/100 -> 0.0816 | I57: =(VLOOKUP($B57,Daily!$A$1:$W$10000,I$1,FALSE))/100 -> 0.0819 | J57: =(VLOOKUP($B57,Daily!$A$1:$W$10000,J$1,FALSE))/100 -> 0.0822 | ... X57: =(VLOOKUP($B57,Daily!$A$1:$W$10000,X$1,FALSE))/100 -> 0.082
A58: 41944 | B58: =WORKDAY(EOMONTH(A58,0)+1, -1) -> 41971 | C58: =(VLOOKUP($B58,Daily!$A$1:$W$10000,C$1,FALSE))/100 -> 0.0809 | D58: =(VLOOKUP($B58,Daily!$A$1:$W$10000,D$1,FALSE))/100 -> 0.0804 | E58: =(VLOOKUP($B58,Daily!$A$1:$W$10000,E$1,FALSE))/100 -> 0.0801 | F58: =(VLOOKUP($B58,Daily!$A$1:$W$10000,F$1,FALSE))/100 -> 0.08 | G58: =(VLOOKUP($B58,Daily!$A$1:$W$10000,G$1,FALSE))/100 -> 0.0801 | H58: =(VLOOKUP($B58,Daily!$A$1:$W$10000,H$1,FALSE))/100 -> 0.0803 | I58: =(VLOOKUP($B58,Daily!$A$1:$W$10000,I$1,FALSE))/100 -> 0.0804 | J58: =(VLOOKUP($B58,Daily!$A$1:$W$10000,J$1,FALSE))/100 -> 0.0805 | ... X58: =(VLOOKUP($B58,Daily!$A$1:$W$10000,X$1,FALSE))/100 -> 0.0801
A59: 41974 | B59: =WORKDAY(EOMONTH(A59,0)+1, -1) -> 42004 | C59: =(VLOOKUP($B59,Daily!$A$1:$W$10000,C$1,FALSE))/100 -> 0.0834 | D59: =(VLOOKUP($B59,Daily!$A$1:$W$10000,D$1,FALSE))/100 -> 0.0805 | E59: =(VLOOKUP($B59,Daily!$A$1:$W$10000,E$1,FALSE))/100 -> 0.079 | F59: =(VLOOKUP($B59,Daily!$A$1:$W$10000,F$1,FALSE))/100 -> 0.0779 | G59: =(VLOOKUP($B59,Daily!$A$1:$W$10000,G$1,FALSE))/100 -> 0.0779 | H59: =(VLOOKUP($B59,Daily!$A$1:$W$10000,H$1,FALSE))/100 -> 0.078 | I59: =(VLOOKUP($B59,Daily!$A$1:$W$10000,I$1,FALSE))/100 -> 0.0782 | J59: =(VLOOKUP($B59,Daily!$A$1:$W$10000,J$1,FALSE))/100 -> 0.0783 | ... X59: =(VLOOKUP($B59,Daily!$A$1:$W$10000,X$1,FALSE))/100 -> 0.0783
A60: 42005 | B60: =WORKDAY(EOMONTH(A60,0)+1, -1) -> 42034 | C60: =(VLOOKUP($B60,Daily!$A$1:$W$10000,C$1,FALSE))/100 -> 0.0798 | D60: =(VLOOKUP($B60,Daily!$A$1:$W$10000,D$1,FALSE))/100 -> 0.0794 | E60: =(VLOOKUP($B60,Daily!$A$1:$W$10000,E$1,FALSE))/100 -> 0.0776 | F60: =(VLOOKUP($B60,Daily!$A$1:$W$10000,F$1,FALSE))/100 -> 0.0761 | G60: =(VLOOKUP($B60,Daily!$A$1:$W$10000,G$1,FALSE))/100 -> 0.0758 | H60: =(VLOOKUP($B60,Daily!$A$1:$W$10000,H$1,FALSE))/100 -> 0.0758 | I60: =(VLOOKUP($B60,Daily!$A$1:$W$10000,I$1,FALSE))/100 -> 0.0758 | J60: =(VLOOKUP($B60,Daily!$A$1:$W$10000,J$1,FALSE))/100 -> 0.0759 | ... X60: =(VLOOKUP($B60,Daily!$A$1:$W$10000,X$1,FALSE))/100 -> 0.0762
A61: 42036 | B61: =WORKDAY(EOMONTH(A61,0)+1, -1) -> 42062 | C61: =(VLOOKUP($B61,Daily!$A$1:$W$10000,C$1,FALSE))/100 -> 0.0792 | D61: =(VLOOKUP($B61,Daily!$A$1:$W$10000,D$1,FALSE))/100 -> 0.0808 | E61: =(VLOOKUP($B61,Daily!$A$1:$W$10000,E$1,FALSE))/100 -> 0.0785 | F61: =(VLOOKUP($B61,Daily!$A$1:$W$10000,F$1,FALSE))/100 -> 0.0767 | G61: =(VLOOKUP($B61,Daily!$A$1:$W$10000,G$1,FALSE))/100 -> 0.0762 | H61: =(VLOOKUP($B61,Daily!$A$1:$W$10000,H$1,FALSE))/100 -> 0.076 | I61: =(VLOOKUP($B61,Daily!$A$1:$W$10000,I$1,FALSE))/100 -> 0.0759 | J61: =(VLOOKUP($B61,Daily!$A$1:$W$10000,J$1,FALSE))/100 -> 0.0758 | ... X61: =(VLOOKUP($B61,Daily!$A$1:$W$10000,X$1,FALSE))/100 -> 0.0757
A62: 42064 | B62: =WORKDAY(EOMONTH(A62,0)+1, -1) -> 42094 | C62: =(VLOOKUP($B62,Daily!$A$1:$W$10000,C$1,FALSE))/100 -> 0.078 | D62: =(VLOOKUP($B62,Daily!$A$1:$W$10000,D$1,FALSE))/100 -> 0.0766 | E62: =(VLOOKUP($B62,Daily!$A$1:$W$10000,E$1,FALSE))/100 -> 0.0761 | F62: =(VLOOKUP($B62,Daily!$A$1:$W$10000,F$1,FALSE))/100 -> 0.0761 | G62: =(VLOOKUP($B62,Daily!$A$1:$W$10000,G$1,FALSE))/100 -> 0.0763 | H62: =(VLOOKUP($B62,Daily!$A$1:$W$10000,H$1,FALSE))/100 -> 0.0764 | I62: =(VLOOKUP($B62,Daily!$A$1:$W$10000,I$1,FALSE))/100 -> 0.0765 | J62: =(VLOOKUP($B62,Daily!$A$1:$W$10000,J$1,FALSE))/100 -> 0.0765 | ... X62: =(VLOOKUP($B62,Daily!$A$1:$W$10000,X$1,FALSE))/100 -> 0.0767
A63: 42095 | B63: =WORKDAY(EOMONTH(A63,0)+1, -1) -> 42124 | C63: =(VLOOKUP($B63,Daily!$A$1:$W$10000,C$1,FALSE))/100 -> 0.0772 | D63: =(VLOOKUP($B63,Daily!$A$1:$W$10000,D$1,FALSE))/100 -> 0.0774 | E63: =(VLOOKUP($B63,Daily!$A$1:$W$10000,E$1,FALSE))/100 -> 0.0769 | F63: =(VLOOKUP($B63,Daily!$A$1:$W$10000,F$1,FALSE))/100 -> 0.0767 | G63: =(VLOOKUP($B63,Daily!$A$1:$W$10000,G$1,FALSE))/100 -> 0.0768 | H63: =(VLOOKUP($B63,Daily!$A$1:$W$10000,H$1,FALSE))/100 -> 0.077 | I63: =(VLOOKUP($B63,Daily!$A$1:$W$10000,I$1,FALSE))/100 -> 0.0772 | J63: =(VLOOKUP($B63,Daily!$A$1:$W$10000,J$1,FALSE))/100 -> 0.0773 | ... X63: =(VLOOKUP($B63,Daily!$A$1:$W$10000,X$1,FALSE))/100 -> 0.0778
A64: 42125 | B64: =WORKDAY(EOMONTH(A64,0)+1, -1) -> 42153 | C64: =(VLOOKUP($B64,Daily!$A$1:$W$10000,C$1,FALSE))/100 -> 0.0777 | D64: =(VLOOKUP($B64,Daily!$A$1:$W$10000,D$1,FALSE))/100 -> 0.0764 | E64: =(VLOOKUP($B64,Daily!$A$1:$W$10000,E$1,FALSE))/100 -> 0.0759 | F64: =(VLOOKUP($B64,Daily!$A$1:$W$10000,F$1,FALSE))/100 -> 0.076 | G64: =(VLOOKUP($B64,Daily!$A$1:$W$10000,G$1,FALSE))/100 -> 0.0764 | H64: =(VLOOKUP($B64,Daily!$A$1:$W$10000,H$1,FALSE))/100 -> 0.0768 | I64: =(VLOOKUP($B64,Daily!$A$1:$W$10000,I$1,FALSE))/100 -> 0.0772 | J64: =(VLOOKUP($B64,Daily!$A$1:$W$10000,J$1,FALSE))/100 -> 0.0774 | ... X64: =(VLOOKUP($B64,Daily!$A$1:$W$10000,X$1,FALSE))/100 -> 0.0783
A65: 42156 | B65: =WORKDAY(EOMONTH(A65,0)+1, -1) -> 42185 | C65: =(VLOOKUP($B65,Daily!$A$1:$W$10000,C$1,FALSE))/100 -> 0.0752 | D65: =(VLOOKUP($B65,Daily!$A$1:$W$10000,D$1,FALSE))/100 -> 0.0755 | E65: =(VLOOKUP($B65,Daily!$A$1:$W$10000,E$1,FALSE))/100 -> 0.0759 | F65: =(VLOOKUP($B65,Daily!$A$1:$W$10000,F$1,FALSE))/100 -> 0.0767 | G65: =(VLOOKUP($B65,Daily!$A$1:$W$10000,G$1,FALSE))/100 -> 0.0776 | H65: =(VLOOKUP($B65,Daily!$A$1:$W$10000,H$1,FALSE))/100 -> 0.0783 | I65: =(VLOOKUP($B65,Daily!$A$1:$W$10000,I$1,FALSE))/100 -> 0.0788 | J65: =(VLOOKUP($B65,Daily!$A$1:$W$10000,J$1,FALSE))/100 -> 0.0793 | ... X65: =(VLOOKUP($B65,Daily!$A$1:$W$10000,X$1,FALSE))/100 -> 0.0802
A66: 42186 | B66: =WORKDAY(EOMONTH(A66,0)+1, -1) -> 42216 | C66: =(VLOOKUP($B66,Daily!$A$1:$W$10000,C$1,FALSE))/100 -> 0.072 | D66: =(VLOOKUP($B66,Daily!$A$1:$W$10000,D$1,FALSE))/100 -> 0.0735 | E66: =(VLOOKUP($B66,Daily!$A$1:$W$10000,E$1,FALSE))/100 -> 0.0746 | F66: =(VLOOKUP($B66,Daily!$A$1:$W$10000,F$1,FALSE))/100 -> 0.0762 | G66: =(VLOOKUP($B66,Daily!$A$1:$W$10000,G$1,FALSE))/100 -> 0.0771 | H66: =(VLOOKUP($B66,Daily!$A$1:$W$10000,H$1,FALSE))/100 -> 0.0777 | I66: =(VLOOKUP($B66,Daily!$A$1:$W$10000,I$1,FALSE))/100 -> 0.0782 | J66: =(VLOOKUP($B66,Daily!$A$1:$W$10000,J$1,FALSE))/100 -> 0.0785 | ... X66: =(VLOOKUP($B66,Daily!$A$1:$W$10000,X$1,FALSE))/100 -> 0.0796
A67: 42217 | B67: =WORKDAY(EOMONTH(A67,0)+1, -1) -> 42247 | C67: =(VLOOKUP($B67,Daily!$A$1:$W$10000,C$1,FALSE))/100 -> 0.0724 | D67: =(VLOOKUP($B67,Daily!$A$1:$W$10000,D$1,FALSE))/100 -> 0.073 | E67: =(VLOOKUP($B67,Daily!$A$1:$W$10000,E$1,FALSE))/100 -> 0.0739 | F67: =(VLOOKUP($B67,Daily!$A$1:$W$10000,F$1,FALSE))/100 -> 0.0758 | G67: =(VLOOKUP($B67,Daily!$A$1:$W$10000,G$1,FALSE))/100 -> 0.077 | H67: =(VLOOKUP($B67,Daily!$A$1:$W$10000,H$1,FALSE))/100 -> 0.0778 | I67: =(VLOOKUP($B67,Daily!$A$1:$W$10000,I$1,FALSE))/100 -> 0.0782 | J67: =(VLOOKUP($B67,Daily!$A$1:$W$10000,J$1,FALSE))/100 -> 0.0784 | ... X67: =(VLOOKUP($B67,Daily!$A$1:$W$10000,X$1,FALSE))/100 -> 0.079
... A80: 42614 | B80: =WORKDAY(EOMONTH(A80,0)+1, -1) -> 42643 | C80: =(VLOOKUP($B80,Daily!$A$1:$W$10000,C$1,FALSE))/100 -> 0.0647 | D80: =(VLOOKUP($B80,Daily!$A$1:$W$10000,D$1,FALSE))/100 -> 0.0647 | E80: =(VLOOKUP($B80,Daily!$A$1:$W$10000,E$1,FALSE))/100 -> 0.065 | F80: =(VLOOKUP($B80,Daily!$A$1:$W$10000,F$1,FALSE))/100 -> 0.0658 | G80: =(VLOOKUP($B80,Daily!$A$1:$W$10000,G$1,FALSE))/100 -> 0.0667 | H80: =(VLOOKUP($B80,Daily!$A$1:$W$10000,H$1,FALSE))/100 -> 0.0675 | I80: =(VLOOKUP($B80,Daily!$A$1:$W$10000,I$1,FALSE))/100 -> 0.0681 | J80: =(VLOOKUP($B80,Daily!$A$1:$W$10000,J$1,FALSE))/100 -> 0.0686 | ... X80: =(VLOOKUP($B80,Daily!$A$1:$W$10000,X$1,FALSE))/100 -> 0.0712
A81: 42644 | B81: =WORKDAY(EOMONTH(A81,0)+1, -1)-3 -> 42671 | C81: =(VLOOKUP($B81,Daily!$A$1:$W$10000,C$1,FALSE))/100 -> 0.0638 | D81: =(VLOOKUP($B81,Daily!$A$1:$W$10000,D$1,FALSE))/100 -> 0.0628 | E81: =(VLOOKUP($B81,Daily!$A$1:$W$10000,E$1,FALSE))/100 -> 0.0628 | F81: =(VLOOKUP($B81,Daily!$A$1:$W$10000,F$1,FALSE))/100 -> 0.064 | G81: =(VLOOKUP($B81,Daily!$A$1:$W$10000,G$1,FALSE))/100 -> 0.0654 | H81: =(VLOOKUP($B81,Daily!$A$1:$W$10000,H$1,FALSE))/100 -> 0.0667 | I81: =(VLOOKUP($B81,Daily!$A$1:$W$10000,I$1,FALSE))/100 -> 0.0676 | J81: =(VLOOKUP($B81,Daily!$A$1:$W$10000,J$1,FALSE))/100 -> 0.0683 | ... X81: =(VLOOKUP($B81,Daily!$A$1:$W$10000,X$1,FALSE))/100 -> 0.0711
A82: 42675 | B82: =WORKDAY(EOMONTH(A82,0)+1, -1) -> 42704 | C82: =(VLOOKUP($B82,Daily!$A$1:$W$10000,C$1,FALSE))/100 -> 0.0596 | D82: =(VLOOKUP($B82,Daily!$A$1:$W$10000,D$1,FALSE))/100 -> 0.059 | E82: =(VLOOKUP($B82,Daily!$A$1:$W$10000,E$1,FALSE))/100 -> 0.0589 | F82: =(VLOOKUP($B82,Daily!$A$1:$W$10000,F$1,FALSE))/100 -> 0.0594 | G82: =(VLOOKUP($B82,Daily!$A$1:$W$10000,G$1,FALSE))/100 -> 0.0604 | H82: =(VLOOKUP($B82,Daily!$A$1:$W$10000,H$1,FALSE))/100 -> 0.0614 | I82: =(VLOOKUP($B82,Daily!$A$1:$W$10000,I$1,FALSE))/100 -> 0.0623 | J82: =(VLOOKUP($B82,Daily!$A$1:$W$10000,J$1,FALSE))/100 -> 0.0631 | ... X82: =(VLOOKUP($B82,Daily!$A$1:$W$10000,X$1,FALSE))/100 -> 0.0669
A83: 42705 | B83: =WORKDAY(EOMONTH(A83,0)+1, -1) -> 42734 | C83: =(VLOOKUP($B83,Daily!$A$1:$W$10000,C$1,FALSE))/100 -> 0.0616 | D83: =(VLOOKUP($B83,Daily!$A$1:$W$10000,D$1,FALSE))/100 -> 0.0614 | E83: =(VLOOKUP($B83,Daily!$A$1:$W$10000,E$1,FALSE))/100 -> 0.0616 | F83: =(VLOOKUP($B83,Daily!$A$1:$W$10000,F$1,FALSE))/100 -> 0.0628 | G83: =(VLOOKUP($B83,Daily!$A$1:$W$10000,G$1,FALSE))/100 -> 0.0641 | H83: =(VLOOKUP($B83,Daily!$A$1:$W$10000,H$1,FALSE))/100 -> 0.0654 | I83: =(VLOOKUP($B83,Daily!$A$1:$W$10000,I$1,FALSE))/100 -> 0.0664 | J83: =(VLOOKUP($B83,Daily!$A$1:$W$10000,J$1,FALSE))/100 -> 0.0673 | ... X83: =(VLOOKUP($B83,Daily!$A$1:$W$10000,X$1,FALSE))/100 -> 0.071
A84: 42736 | B84: =WORKDAY(EOMONTH(A84,0)+1, -1) -> 42766 | C84: =(VLOOKUP($B84,Daily!$A$1:$W$10000,C$1,FALSE))/100 -> 0.0617 | D84: =(VLOOKUP($B84,Daily!$A$1:$W$10000,D$1,FALSE))/100 -> 0.061 | E84: =(VLOOKUP($B84,Daily!$A$1:$W$10000,E$1,FALSE))/100 -> 0.061 | F84: =(VLOOKUP($B84,Daily!$A$1:$W$10000,F$1,FALSE))/100 -> 0.0619 | G84: =(VLOOKUP($B84,Daily!$A$1:$W$10000,G$1,FALSE))/100 -> 0.0633 | H84: =(VLOOKUP($B84,Daily!$A$1:$W$10000,H$1,FALSE))/100 -> 0.0646 | I84: =(VLOOKUP($B84,Daily!$A$1:$W$10000,I$1,FALSE))/100 -> 0.0657 | J84: =(VLOOKUP($B84,Daily!$A$1:$W$10000,J$1,FALSE))/100 -> 0.0667 | ... X84: =(VLOOKUP($B84,Daily!$A$1:$W$10000,X$1,FALSE))/100 -> 0.0708
A85: 42767 | B85: =WORKDAY(EOMONTH(A85,0)+1, -1) -> 42794 | C85: =(VLOOKUP($B85,Daily!$A$1:$W$10000,C$1,FALSE))/100 -> 0.0587 | D85: =(VLOOKUP($B85,Daily!$A$1:$W$10000,D$1,FALSE))/100 -> 0.06 | E85: =(VLOOKUP($B85,Daily!$A$1:$W$10000,E$1,FALSE))/100 -> 0.0614 | F85: =(VLOOKUP($B85,Daily!$A$1:$W$10000,F$1,FALSE))/100 -> 0.0641 | G85: =(VLOOKUP($B85,Daily!$A$1:$W$10000,G$1,FALSE))/100 -> 0.0664 | H85: =(VLOOKUP($B85,Daily!$A$1:$W$10000,H$1,FALSE))/100 -> 0.0681 | I85: =(VLOOKUP($B85,Daily!$A$1:$W$10000,I$1,FALSE))/100 -> 0.0694 | J85: =(VLOOKUP($B85,Daily!$A$1:$W$10000,J$1,FALSE))/100 -> 0.0704 | ... X85: =(VLOOKUP($B85,Daily!$A$1:$W$10000,X$1,FALSE))/100 -> 0.0743
A86: 42795 | B86: =WORKDAY(EOMONTH(A86,0)+1, -1) -> 42825 | C86: =(VLOOKUP($B86,Daily!$A$1:$W$10000,C$1,FALSE))/100 -> 0.0567 | D86: =(VLOOKUP($B86,Daily!$A$1:$W$10000,D$1,FALSE))/100 -> 0.0571 | E86: =(VLOOKUP($B86,Daily!$A$1:$W$10000,E$1,FALSE))/100 -> 0.06 | F86: =(VLOOKUP($B86,Daily!$A$1:$W$10000,F$1,FALSE))/100 -> 0.0626 | G86: =(VLOOKUP($B86,Daily!$A$1:$W$10000,G$1,FALSE))/100 -> 0.0645 | H86: =(VLOOKUP($B86,Daily!$A$1:$W$10000,H$1,FALSE))/100 -> 0.0662 | I86: =(VLOOKUP($B86,Daily!$A$1:$W$10000,I$1,FALSE))/100 -> 0.0677 | J86: =(VLOOKUP($B86,Daily!$A$1:$W$10000,J$1,FALSE))/100 -> 0.0688 | ... X86: =(VLOOKUP($B86,Daily!$A$1:$W$10000,X$1,FALSE))/100 -> 0.0735
A87: 42826 | B87: =WORKDAY(EOMONTH(A87,0)+1, -1) -> 42853 | C87: =(VLOOKUP($B87,Daily!$A$1:$W$10000,C$1,FALSE))/100 -> 0.0615 | D87: =(VLOOKUP($B87,Daily!$A$1:$W$10000,D$1,FALSE))/100 -> 0.0622 | E87: =(VLOOKUP($B87,Daily!$A$1:$W$10000,E$1,FALSE))/100 -> 0.0631 | F87: =(VLOOKUP($B87,Daily!$A$1:$W$10000,F$1,FALSE))/100 -> 0.065 | G87: =(VLOOKUP($B87,Daily!$A$1:$W$10000,G$1,FALSE))/100 -> 0.0668 | H87: =(VLOOKUP($B87,Daily!$A$1:$W$10000,H$1,FALSE))/100 -> 0.0682 | I87: =(VLOOKUP($B87,Daily!$A$1:$W$10000,I$1,FALSE))/100 -> 0.0694 | J87: =(VLOOKUP($B87,Daily!$A$1:$W$10000,J$1,FALSE))/100 -> 0.0703 | ... X87: =(VLOOKUP($B87,Daily!$A$1:$W$10000,X$1,FALSE))/100 -> 0.0745
A88: 42856 | B88: =WORKDAY(EOMONTH(A88,0)+1, -1) -> 42886 | C88: =(VLOOKUP($B88,Daily!$A$1:$W$10000,C$1,FALSE))/100 -> 0.0617 | D88: =(VLOOKUP($B88,Daily!$A$1:$W$10000,D$1,FALSE))/100 -> 0.0625 | E88: =(VLOOKUP($B88,Daily!$A$1:$W$10000,E$1,FALSE))/100 -> 0.0633 | F88: =(VLOOKUP($B88,Daily!$A$1:$W$10000,F$1,FALSE))/100 -> 0.0648 | G88: =(VLOOKUP($B88,Daily!$A$1:$W$10000,G$1,FALSE))/100 -> 0.066 | H88: =(VLOOKUP($B88,Daily!$A$1:$W$10000,H$1,FALSE))/100 -> 0.0671 | I88: =(VLOOKUP($B88,Daily!$A$1:$W$10000,I$1,FALSE))/100 -> 0.0681 | J88: =(VLOOKUP($B88,Daily!$A$1:$W$10000,J$1,FALSE))/100 -> 0.0689 | ... X88: =(VLOOKUP($B88,Daily!$A$1:$W$10000,X$1,FALSE))/100 -> 0.0733
A89: 42887 | B89: =WORKDAY(EOMONTH(A89,0)+1, -1) -> 42916 | C89: =(VLOOKUP($B89,Daily!$A$1:$W$10000,C$1,FALSE))/100 -> 0.0627 | D89: =(VLOOKUP($B89,Daily!$A$1:$W$10000,D$1,FALSE))/100 -> 0.0622 | E89: =(VLOOKUP($B89,Daily!$A$1:$W$10000,E$1,FALSE))/100 -> 0.0622 | F89: =(VLOOKUP($B89,Daily!$A$1:$W$10000,F$1,FALSE))/100 -> 0.063 | G89: =(VLOOKUP($B89,Daily!$A$1:$W$10000,G$1,FALSE))/100 -> 0.0642 | H89: =(VLOOKUP($B89,Daily!$A$1:$W$10000,H$1,FALSE))/100 -> 0.0653 | I89: =(VLOOKUP($B89,Daily!$A$1:$W$10000,I$1,FALSE))/100 -> 0.0663 | J89: =(VLOOKUP($B89,Daily!$A$1:$W$10000,J$1,FALSE))/100 -> 0.0671 | ... X89: =(VLOOKUP($B89,Daily!$A$1:$W$10000,X$1,FALSE))/100 -> 0.0709
A90: 42917 | B90: =WORKDAY(EOMONTH(A90,0)+1, -1) -> 42947 | C90: =(VLOOKUP($B90,Daily!$A$1:$W$10000,C$1,FALSE))/100 -> 0.0621 | D90: =(VLOOKUP($B90,Daily!$A$1:$W$10000,D$1,FALSE))/100 -> 0.0612 | E90: =(VLOOKUP($B90,Daily!$A$1:$W$10000,E$1,FALSE))/100 -> 0.0611 | F90: =(VLOOKUP($B90,Daily!$A$1:$W$10000,F$1,FALSE))/100 -> 0.0621 | G90: =(VLOOKUP($B90,Daily!$A$1:$W$10000,G$1,FALSE))/100 -> 0.0634 | H90: =(VLOOKUP($B90,Daily!$A$1:$W$10000,H$1,FALSE))/100 -> 0.0647 | I90: =(VLOOKUP($B90,Daily!$A$1:$W$10000,I$1,FALSE))/100 -> 0.0658 | J90: =(VLOOKUP($B90,Daily!$A$1:$W$10000,J$1,FALSE))/100 -> 0.0667 | ... X90: =(VLOOKUP($B90,Daily!$A$1:$W$10000,X$1,FALSE))/100 -> 0.0713
A91: 42948 | B91: =WORKDAY(EOMONTH(A91,0)+1, -1) -> 42978 | C91: =(VLOOKUP($B91,Daily!$A$1:$W$10000,C$1,FALSE))/100 -> 0.0603 | D91: =(VLOOKUP($B91,Daily!$A$1:$W$10000,D$1,FALSE))/100 -> 0.0605 | E91: =(VLOOKUP($B91,Daily!$A$1:$W$10000,E$1,FALSE))/100 -> 0.0609 | F91: =(VLOOKUP($B91,Daily!$A$1:$W$10000,F$1,FALSE))/100 -> 0.062 | G91: =(VLOOKUP($B91,Daily!$A$1:$W$10000,G$1,FALSE))/100 -> 0.0632 | H91: =(VLOOKUP($B91,Daily!$A$1:$W$10000,H$1,FALSE))/100 -> 0.0645 | I91: =(VLOOKUP($B91,Daily!$A$1:$W$10000,I$1,FALSE))/100 -> 0.0656 | J91: =(VLOOKUP($B91,Daily!$A$1:$W$10000,J$1,FALSE))/100 -> 0.0666 | ... X91: =(VLOOKUP($B91,Daily!$A$1:$W$10000,X$1,FALSE))/100 -> 0.0719
A92: 42979 | B92: =WORKDAY(EOMONTH(A92,0)+1, -1) -> 43007 | C92: =(VLOOKUP($B92,Daily!$A$1:$W$10000,C$1,FALSE))/100 -> 0.0608 | D92: =(VLOOKUP($B92,Daily!$A$1:$W$10000,D$1,FALSE))/100 -> 0.0607 | E92: =(VLOOKUP($B92,Daily!$A$1:$W$10000,E$1,FALSE))/100 -> 0.061 | F92: =(VLOOKUP($B92,Daily!$A$1:$W$10000,F$1,FALSE))/100 -> 0.0623 | G92: =(VLOOKUP($B92,Daily!$A$1:$W$10000,G$1,FALSE))/100 -> 0.0639 | H92: =(VLOOKUP($B92,Daily!$A$1:$W$10000,H$1,FALSE))/100 -> 0.0653 | I92: =(VLOOKUP($B92,Daily!$A$1:$W$10000,I$1,FALSE))/100 -> 0.0666 | J92: =(VLOOKUP($B92,Daily!$A$1:$W$10000,J$1,FALSE))/100 -> 0.0677 | ... X92: =(VLOOKUP($B92,Daily!$A$1:$W$10000,X$1,FALSE))/100 -> 0.0727
A93: 43009 | B93: =WORKDAY(EOMONTH(A93,0)+1, -1) -> 43039 | C93: =(VLOOKUP($B93,Daily!$A$1:$W$10000,C$1,FALSE))/100 -> 0.0604 | D93: =(VLOOKUP($B93,Daily!$A$1:$W$10000,D$1,FALSE))/100 -> 0.0608 | E93: =(VLOOKUP($B93,Daily!$A$1:$W$10000,E$1,FALSE))/100 -> 0.0615 | F93: =(VLOOKUP($B93,Daily!$A$1:$W$10000,F$1,FALSE))/100 -> 0.0631 | G93: =(VLOOKUP($B93,Daily!$A$1:$W$10000,G$1,FALSE))/100 -> 0.0648 | H93: =(VLOOKUP($B93,Daily!$A$1:$W$10000,H$1,FALSE))/100 -> 0.0663 | I93: =(VLOOKUP($B93,Daily!$A$1:$W$10000,I$1,FALSE))/100 -> 0.0676 | J93: =(VLOOKUP($B93,Daily!$A$1:$W$10000,J$1,FALSE))/100 -> 0.0688 | ... X93: =(VLOOKUP($B93,Daily!$A$1:$W$10000,X$1,FALSE))/100 -> 0.0743
... A97: 43132 | B97: =WORKDAY(EOMONTH(A97,0)+1, -1) -> 43159 | C97: =(VLOOKUP($B97,Daily!$A$1:$W$10000,C$1,FALSE))/100 -> 0.0601 | D97: =(VLOOKUP($B97,Daily!$A$1:$W$10000,D$1,FALSE))/100 -> 0.0623 | E97: =(VLOOKUP($B97,Daily!$A$1:$W$10000,E$1,FALSE))/100 -> 0.0643 | F97: =(VLOOKUP($B97,Daily!$A$1:$W$10000,F$1,FALSE))/100 -> 0.0678 | G97: =(VLOOKUP($B97,Daily!$A$1:$W$10000,G$1,FALSE))/100 -> 0.0707 | H97: =(VLOOKUP($B97,Daily!$A$1:$W$10000,H$1,FALSE))/100 -> 0.0731 | I97: =(VLOOKUP($B97,Daily!$A$1:$W$10000,I$1,FALSE))/100 -> 0.075 | J97: =(VLOOKUP($B97,Daily!$A$1:$W$10000,J$1,FALSE))/100 -> 0.0766 | ... X97: =(VLOOKUP($B97,Daily!$A$1:$W$10000,X$1,FALSE))/100 -> 0.0808
A98: 43160 | B98: =WORKDAY(EOMONTH(A98,0)+1, -1)-2 -> 43187 | C98: =(VLOOKUP($B98,Daily!$A$1:$W$10000,C$1,FALSE))/100 -> 0.0595 | D98: =(VLOOKUP($B98,Daily!$A$1:$W$10000,D$1,FALSE))/100 -> 0.0617 | E98: =(VLOOKUP($B98,Daily!$A$1:$W$10000,E$1,FALSE))/100 -> 0.0636 | F98: =(VLOOKUP($B98,Daily!$A$1:$W$10000,F$1,FALSE))/100 -> 0.0669 | G98: =(VLOOKUP($B98,Daily!$A$1:$W$10000,G$1,FALSE))/100 -> 0.0694 | H98: =(VLOOKUP($B98,Daily!$A$1:$W$10000,H$1,FALSE))/100 -> 0.0713 | I98: =(VLOOKUP($B98,Daily!$A$1:$W$10000,I$1,FALSE))/100 -> 0.0728 | J98: =(VLOOKUP($B98,Daily!$A$1:$W$10000,J$1,FALSE))/100 -> 0.074 | ... X98: =(VLOOKUP($B98,Daily!$A$1:$W$10000,X$1,FALSE))/100 -> 0.0771
A99: 43191 | B99: =WORKDAY(EOMONTH(A99,0)+1, -1)-3 -> 43217 | C99: =(VLOOKUP($B99,Daily!$A$1:$W$10000,C$1,FALSE))/100 -> 0.0595 | D99: =(VLOOKUP($B99,Daily!$A$1:$W$10000,D$1,FALSE))/100 -> 0.0634 | E99: =(VLOOKUP($B99,Daily!$A$1:$W$10000,E$1,FALSE))/100 -> 0.0666 | F99: =(VLOOKUP($B99,Daily!$A$1:$W$10000,F$1,FALSE))/100 -> 0.0713 | G99: =(VLOOKUP($B99,Daily!$A$1:$W$10000,G$1,FALSE))/100 -> 0.0744 | H99: =(VLOOKUP($B99,Daily!$A$1:$W$10000,H$1,FALSE))/100 -> 0.0765 | I99: =(VLOOKUP($B99,Daily!$A$1:$W$10000,I$1,FALSE))/100 -> 0.0778 | J99: =(VLOOKUP($B99,Daily!$A$1:$W$10000,J$1,FALSE))/100 -> 0.0787 | ... X99: =(VLOOKUP($B99,Daily!$A$1:$W$10000,X$1,FALSE))/100 -> 0.0802
A100: 43221 | B100: =WORKDAY(EOMONTH(A100,0)+1, -1) -> 43251 | C100: =(VLOOKUP($B100,Daily!$A$1:$W$10000,C$1,FALSE))/100 -> 0.0596 | D100: =(VLOOKUP($B100,Daily!$A$1:$W$10000,D$1,FALSE))/100 -> 0.065 | E100: =(VLOOKUP($B100,Daily!$A$1:$W$10000,E$1,FALSE))/100 -> 0.069 | F100: =(VLOOKUP($B100,Daily!$A$1:$W$10000,F$1,FALSE))/100 -> 0.074 | G100: =(VLOOKUP($B100,Daily!$A$1:$W$10000,G$1,FALSE))/100 -> 0.0769 | H100: =(VLOOKUP($B100,Daily!$A$1:$W$10000,H$1,FALSE))/100 -> 0.0785 | I100: =(VLOOKUP($B100,Daily!$A$1:$W$10000,I$1,FALSE))/100 -> 0.0795 | J100: =(VLOOKUP($B100,Daily!$A$1:$W$10000,J$1,FALSE))/100 -> 0.08 | ... X100: =(VLOOKUP($B100,Daily!$A$1:$W$10000,X$1,FALSE))/100 -> 0.0802
A101: 43252 | B101: =WORKDAY(EOMONTH(A101,0)+1, -1) -> 43280 | C101: =(VLOOKUP($B101,Daily!$A$1:$W$10000,C$1,FALSE))/100 -> 0.0628 | D101: =(VLOOKUP($B101,Daily!$A$1:$W$10000,D$1,FALSE))/100 -> 0.0667 | E101: =(VLOOKUP($B101,Daily!$A$1:$W$10000,E$1,FALSE))/100 -> 0.0698 | F101: =(VLOOKUP($B101,Daily!$A$1:$W$10000,F$1,FALSE))/100 -> 0.074 | G101: =(VLOOKUP($B101,Daily!$A$1:$W$10000,G$1,FALSE))/100 -> 0.0767 | H101: =(VLOOKUP($B101,Daily!$A$1:$W$10000,H$1,FALSE))/100 -> 0.0785 | I101: =(VLOOKUP($B101,Daily!$A$1:$W$10000,I$1,FALSE))/100 -> 0.0796 | J101: =(VLOOKUP($B101,Daily!$A$1:$W$10000,J$1,FALSE))/100 -> 0.0803 | ... X101: =(VLOOKUP($B101,Daily!$A$1:$W$10000,X$1,FALSE))/100 -> 0.081
A102: 43282 | B102: =WORKDAY(EOMONTH(A102,0)+1, -1) -> 43312 | C102: =(VLOOKUP($B102,Daily!$A$1:$W$10000,C$1,FALSE))/100 -> 0.0622 | D102: =(VLOOKUP($B102,Daily!$A$1:$W$10000,D$1,FALSE))/100 -> 0.0661 | E102: =(VLOOKUP($B102,Daily!$A$1:$W$10000,E$1,FALSE))/100 -> 0.0692 | F102: =(VLOOKUP($B102,Daily!$A$1:$W$10000,F$1,FALSE))/100 -> 0.0736 | G102: =(VLOOKUP($B102,Daily!$A$1:$W$10000,G$1,FALSE))/100 -> 0.0763 | H102: =(VLOOKUP($B102,Daily!$A$1:$W$10000,H$1,FALSE))/100 -> 0.078 | I102: =(VLOOKUP($B102,Daily!$A$1:$W$10000,I$1,FALSE))/100 -> 0.079 | J102: =(VLOOKUP($B102,Daily!$A$1:$W$10000,J$1,FALSE))/100 -> 0.0796 | ... X102: =(VLOOKUP($B102,Daily!$A$1:$W$10000,X$1,FALSE))/100 -> 0.0805
A103: 43313 | B103: =WORKDAY(EOMONTH(A103,0)+1, -1) -> 43343 | C103: =(VLOOKUP($B103,Daily!$A$1:$W$10000,C$1,FALSE))/100 -> 0.0631 | D103: =(VLOOKUP($B103,Daily!$A$1:$W$10000,D$1,FALSE))/100 -> 0.0683 | E103: =(VLOOKUP($B103,Daily!$A$1:$W$10000,E$1,FALSE))/100 -> 0.0717 | F103: =(VLOOKUP($B103,Daily!$A$1:$W$10000,F$1,FALSE))/100 -> 0.0756 | G103: =(VLOOKUP($B103,Daily!$A$1:$W$10000,G$1,FALSE))/100 -> 0.0778 | H103: =(VLOOKUP($B103,Daily!$A$1:$W$10000,H$1,FALSE))/100 -> 0.079 | I103: =(VLOOKUP($B103,Daily!$A$1:$W$10000,I$1,FALSE))/100 -> 0.0799 | J103: =(VLOOKUP($B103,Daily!$A$1:$W$10000,J$1,FALSE))/100 -> 0.0805 | ... X103: =(VLOOKUP($B103,Daily!$A$1:$W$10000,X$1,FALSE))/100 -> 0.0818
A104: 43344 | B104: =WORKDAY(EOMONTH(A104,0)+1, -1) -> 43371 | C104: =(VLOOKUP($B104,Daily!$A$1:$W$10000,C$1,FALSE))/100 -> 0.0683 | D104: =(VLOOKUP($B104,Daily!$A$1:$W$10000,D$1,FALSE))/100 -> 0.0717 | E104: =(VLOOKUP($B104,Daily!$A$1:$W$10000,E$1,FALSE))/100 -> 0.0741 | F104: =(VLOOKUP($B104,Daily!$A$1:$W$10000,F$1,FALSE))/100 -> 0.077 | G104: =(VLOOKUP($B104,Daily!$A$1:$W$10000,G$1,FALSE))/100 -> 0.0788 | H104: =(VLOOKUP($B104,Daily!$A$1:$W$10000,H$1,FALSE))/100 -> 0.0799 | I104: =(VLOOKUP($B104,Daily!$A$1:$W$10000,I$1,FALSE))/100 -> 0.0806 | J104: =(VLOOKUP($B104,Daily!$A$1:$W$10000,J$1,FALSE))/100 -> 0.0811 | ... X104: =(VLOOKUP($B104,Daily!$A$1:$W$10000,X$1,FALSE))/100 -> 0.0824
A105: 43374 | B105: =WORKDAY(EOMONTH(A105,0)+1, -1) -> 43404 | C105: =(VLOOKUP($B105,Daily!$A$1:$W$10000,C$1,FALSE))/100 -> 0.0684 | D105: =(VLOOKUP($B105,Daily!$A$1:$W$10000,D$1,FALSE))/100 -> 0.0705 | E105: =(VLOOKUP($B105,Daily!$A$1:$W$10000,E$1,FALSE))/100 -> 0.0721 | F105: =(VLOOKUP($B105,Daily!$A$1:$W$10000,F$1,FALSE))/100 -> 0.0743 | G105: =(VLOOKUP($B105,Daily!$A$1:$W$10000,G$1,FALSE))/100 -> 0.0758 | H105: =(VLOOKUP($B105,Daily!$A$1:$W$10000,H$1,FALSE))/100 -> 0.0769 | I105: =(VLOOKUP($B105,Daily!$A$1:$W$10000,I$1,FALSE))/100 -> 0.0778 | J105: =(VLOOKUP($B105,Daily!$A$1:$W$10000,J$1,FALSE))/100 -> 0.0784 | ... X105: =(VLOOKUP($B105,Daily!$A$1:$W$10000,X$1,FALSE))/100 -> 0.0814
A106: 43405 | B106: =WORKDAY(EOMONTH(A106,0)+1, -1) -> 43434 | C106: =(VLOOKUP($B106,Daily!$A$1:$W$10000,C$1,FALSE))/100 -> 0.0658 | D106: =(VLOOKUP($B106,Daily!$A$1:$W$10000,D$1,FALSE))/100 -> 0.0675 | E106: =(VLOOKUP($B106,Daily!$A$1:$W$10000,E$1,FALSE))/100 -> 0.0689 | F106: =(VLOOKUP($B106,Daily!$A$1:$W$10000,F$1,FALSE))/100 -> 0.0711 | G106: =(VLOOKUP($B106,Daily!$A$1:$W$10000,G$1,FALSE))/100 -> 0.0727 | H106: =(VLOOKUP($B106,Daily!$A$1:$W$10000,H$1,FALSE))/100 -> 0.0738 | I106: =(VLOOKUP($B106,Daily!$A$1:$W$10000,I$1,FALSE))/100 -> 0.0747 | J106: =(VLOOKUP($B106,Daily!$A$1:$W$10000,J$1,FALSE))/100 -> 0.0753 | ... X106: =(VLOOKUP($B106,Daily!$A$1:$W$10000,X$1,FALSE))/100 -> 0.0778
A107: 43435 | B107: =WORKDAY(EOMONTH(A107,0)+1, -1) -> 43465 | C107: =(VLOOKUP($B107,Daily!$A$1:$W$10000,C$1,FALSE))/100 -> 0.0654 | D107: =(VLOOKUP($B107,Daily!$A$1:$W$10000,D$1,FALSE))/100 -> 0.0666 | E107: =(VLOOKUP($B107,Daily!$A$1:$W$10000,E$1,FALSE))/100 -> 0.0677 | F107: =(VLOOKUP($B107,Daily!$A$1:$W$10000,F$1,FALSE))/100 -> 0.0695 | G107: =(VLOOKUP($B107,Daily!$A$1:$W$10000,G$1,FALSE))/100 -> 0.0709 | H107: =(VLOOKUP($B107,Daily!$A$1:$W$10000,H$1,FALSE))/100 -> 0.072 | I107: =(VLOOKUP($B107,Daily!$A$1:$W$10000,I$1,FALSE))/100 -> 0.0728 | J107: =(VLOOKUP($B107,Daily!$A$1:$W$10000,J$1,FALSE))/100 -> 0.0735 | ... X107: =(VLOOKUP($B107,Daily!$A$1:$W$10000,X$1,FALSE))/100 -> 0.0758
A108: 43466 | B108: =WORKDAY(EOMONTH(A108,0)+1, -1) -> 43496 | C108: =(VLOOKUP($B108,Daily!$A$1:$W$10000,C$1,FALSE))/100 -> 0.0654 | D108: =(VLOOKUP($B108,Daily!$A$1:$W$10000,D$1,FALSE))/100 -> 0.0664 | E108: =(VLOOKUP($B108,Daily!$A$1:$W$10000,E$1,FALSE))/100 -> 0.0674 | F108: =(VLOOKUP($B108,Daily!$A$1:$W$10000,F$1,FALSE))/100 -> 0.0691 | G108: =(VLOOKUP($B108,Daily!$A$1:$W$10000,G$1,FALSE))/100 -> 0.0705 | H108: =(VLOOKUP($B108,Daily!$A$1:$W$10000,H$1,FALSE))/100 -> 0.0717 | I108: =(VLOOKUP($B108,Daily!$A$1:$W$10000,I$1,FALSE))/100 -> 0.0727 | J108: =(VLOOKUP($B108,Daily!$A$1:$W$10000,J$1,FALSE))/100 -> 0.0736 | ... X108: =(VLOOKUP($B108,Daily!$A$1:$W$10000,X$1,FALSE))/100 -> 0.0771
A109: 43497 | B109: =WORKDAY(EOMONTH(A109,0)+1, -1) -> 43524 | C109: =(VLOOKUP($B109,Daily!$A$1:$W$10000,C$1,FALSE))/100 -> 0.0636 | D109: =(VLOOKUP($B109,Daily!$A$1:$W$10000,D$1,FALSE))/100 -> 0.0649 | E109: =(VLOOKUP($B109,Daily!$A$1:$W$10000,E$1,FALSE))/100 -> 0.066 | F109: =(VLOOKUP($B109,Daily!$A$1:$W$10000,F$1,FALSE))/100 -> 0.0681 | G109: =(VLOOKUP($B109,Daily!$A$1:$W$10000,G$1,FALSE))/100 -> 0.0698 | H109: =(VLOOKUP($B109,Daily!$A$1:$W$10000,H$1,FALSE))/100 -> 0.0713 | I109: =(VLOOKUP($B109,Daily!$A$1:$W$10000,I$1,FALSE))/100 -> 0.0726 | J109: =(VLOOKUP($B109,Daily!$A$1:$W$10000,J$1,FALSE))/100 -> 0.0737 | ... X109: =(VLOOKUP($B109,Daily!$A$1:$W$10000,X$1,FALSE))/100 -> 0.0787
A110: 43525 | B110: =WORKDAY(EOMONTH(A110,0)+1, -1) -> 43553 | C110: =(VLOOKUP($B110,Daily!$A$1:$W$10000,C$1,FALSE))/100 -> 0.0624 | D110: =(VLOOKUP($B110,Daily!$A$1:$W$10000,D$1,FALSE))/100 -> 0.0633 | E110: =(VLOOKUP($B110,Daily!$A$1:$W$10000,E$1,FALSE))/100 -> 0.0642 | F110: =(VLOOKUP($B110,Daily!$A$1:$W$10000,F$1,FALSE))/100 -> 0.0659 | G110: =(VLOOKUP($B110,Daily!$A$1:$W$10000,G$1,FALSE))/100 -> 0.0674 | H110: =(VLOOKUP($B110,Daily!$A$1:$W$10000,H$1,FALSE))/100 -> 0.0688 | I110: =(VLOOKUP($B110,Daily!$A$1:$W$10000,I$1,FALSE))/100 -> 0.0701 | J110: =(VLOOKUP($B110,Daily!$A$1:$W$10000,J$1,FALSE))/100 -> 0.0712 | ... X110: =(VLOOKUP($B110,Daily!$A$1:$W$10000,X$1,FALSE))/100 -> 0.077
A111: 43556 | B111: =WORKDAY(EOMONTH(A111,0)+1, -1) -> 43585 | C111: =(VLOOKUP($B111,Daily!$A$1:$W$10000,C$1,FALSE))/100 -> 0.063 | D111: =(VLOOKUP($B111,Daily!$A$1:$W$10000,D$1,FALSE))/100 -> 0.0642 | E111: =(VLOOKUP($B111,Daily!$A$1:$W$10000,E$1,FALSE))/100 -> 0.0654 | F111: =(VLOOKUP($B111,Daily!$A$1:$W$10000,F$1,FALSE))/100 -> 0.0674 | G111: =(VLOOKUP($B111,Daily!$A$1:$W$10000,G$1,FALSE))/100 -> 0.0692 | H111: =(VLOOKUP($B111,Daily!$A$1:$W$10000,H$1,FALSE))/100 -> 0.0706 | I111: =(VLOOKUP($B111,Daily!$A$1:$W$10000,I$1,FALSE))/100 -> 0.0719 | J111: =(VLOOKUP($B111,Daily!$A$1:$W$10000,J$1,FALSE))/100 -> 0.0729 | ... X111: =(VLOOKUP($B111,Daily!$A$1:$W$10000,X$1,FALSE))/100 -> 0.0776
... A128: 44075 | B128: =WORKDAY(EOMONTH(A128,0)+1, -1) -> 44104 | C128: =(VLOOKUP($B128,Daily!$A$1:$W$10000,C$1,FALSE))/100 -> 0.0318 | D128: =(VLOOKUP($B128,Daily!$A$1:$W$10000,D$1,FALSE))/100 -> 0.0349 | E128: =(VLOOKUP($B128,Daily!$A$1:$W$10000,E$1,FALSE))/100 -> 0.0383 | F128: =(VLOOKUP($B128,Daily!$A$1:$W$10000,F$1,FALSE))/100 -> 0.0441 | G128: =(VLOOKUP($B128,Daily!$A$1:$W$10000,G$1,FALSE))/100 -> 0.0489 | H128: =(VLOOKUP($B128,Daily!$A$1:$W$10000,H$1,FALSE))/100 -> 0.0528 | I128: =(VLOOKUP($B128,Daily!$A$1:$W$10000,I$1,FALSE))/100 -> 0.0559 | J128: =(VLOOKUP($B128,Daily!$A$1:$W$10000,J$1,FALSE))/100 -> 0.0584 | ... X128: =(VLOOKUP($B128,Daily!$A$1:$W$10000,X$1,FALSE))/100 -> 0.0677
A129: 44105 | B129: =WORKDAY(EOMONTH(A129,0)+1, -1)-1 -> 44133 | C129: =(VLOOKUP($B129,Daily!$A$1:$W$10000,C$1,FALSE))/100 -> 0.0309 | D129: =(VLOOKUP($B129,Daily!$A$1:$W$10000,D$1,FALSE))/100 -> 0.0337 | E129: =(VLOOKUP($B129,Daily!$A$1:$W$10000,E$1,FALSE))/100 -> 0.0366 | F129: =(VLOOKUP($B129,Daily!$A$1:$W$10000,F$1,FALSE))/100 -> 0.0418 | G129: =(VLOOKUP($B129,Daily!$A$1:$W$10000,G$1,FALSE))/100 -> 0.0463 | H129: =(VLOOKUP($B129,Daily!$A$1:$W$10000,H$1,FALSE))/100 -> 0.05 | I129: =(VLOOKUP($B129,Daily!$A$1:$W$10000,I$1,FALSE))/100 -> 0.0532 | J129: =(VLOOKUP($B129,Daily!$A$1:$W$10000,J$1,FALSE))/100 -> 0.0558 | ... X129: =(VLOOKUP($B129,Daily!$A$1:$W$10000,X$1,FALSE))/100 -> 0.0675
A130: 44136 | B130: =WORKDAY(EOMONTH(A130,0)+1, -1)-3 -> 44162 | C130: =(VLOOKUP($B130,Daily!$A$1:$W$10000,C$1,FALSE))/100 -> 0.0267 | D130: =(VLOOKUP($B130,Daily!$A$1:$W$10000,D$1,FALSE))/100 -> 0.032 | E130: =(VLOOKUP($B130,Daily!$A$1:$W$10000,E$1,FALSE))/100 -> 0.0347 | F130: =(VLOOKUP($B130,Daily!$A$1:$W$10000,F$1,FALSE))/100 -> 0.04 | G130: =(VLOOKUP($B130,Daily!$A$1:$W$10000,G$1,FALSE))/100 -> 0.0448 | H130: =(VLOOKUP($B130,Daily!$A$1:$W$10000,H$1,FALSE))/100 -> 0.0488 | I130: =(VLOOKUP($B130,Daily!$A$1:$W$10000,I$1,FALSE))/100 -> 0.0522 | J130: =(VLOOKUP($B130,Daily!$A$1:$W$10000,J$1,FALSE))/100 -> 0.055 | ... X130: =(VLOOKUP($B130,Daily!$A$1:$W$10000,X$1,FALSE))/100 -> 0.0676
A131: 44166 | B131: =WORKDAY(EOMONTH(A131,0)+1, -1) -> 44196 | C131: =(VLOOKUP($B131,Daily!$A$1:$W$10000,C$1,FALSE))/100 -> 0.0271 | D131: =(VLOOKUP($B131,Daily!$A$1:$W$10000,D$1,FALSE))/100 -> 0.0324 | E131: =(VLOOKUP($B131,Daily!$A$1:$W$10000,E$1,FALSE))/100 -> 0.0348 | F131: =(VLOOKUP($B131,Daily!$A$1:$W$10000,F$1,FALSE))/100 -> 0.04 | G131: =(VLOOKUP($B131,Daily!$A$1:$W$10000,G$1,FALSE))/100 -> 0.0447 | H131: =(VLOOKUP($B131,Daily!$A$1:$W$10000,H$1,FALSE))/100 -> 0.0487 | I131: =(VLOOKUP($B131,Daily!$A$1:$W$10000,I$1,FALSE))/100 -> 0.0521 | J131: =(VLOOKUP($B131,Daily!$A$1:$W$10000,J$1,FALSE))/100 -> 0.055 | ... X131: =(VLOOKUP($B131,Daily!$A$1:$W$10000,X$1,FALSE))/100 -> 0.0678
A132: 44197 | B132: =WORKDAY(EOMONTH(A132,0)+1, -1) -> 44225 | C132: =(VLOOKUP($B132,Daily!$A$1:$W$10000,C$1,FALSE))/100 -> 0.0323 | D132: =(VLOOKUP($B132,Daily!$A$1:$W$10000,D$1,FALSE))/100 -> 0.0352 | E132: =(VLOOKUP($B132,Daily!$A$1:$W$10000,E$1,FALSE))/100 -> 0.038 | F132: =(VLOOKUP($B132,Daily!$A$1:$W$10000,F$1,FALSE))/100 -> 0.0429 | G132: =(VLOOKUP($B132,Daily!$A$1:$W$10000,G$1,FALSE))/100 -> 0.0471 | H132: =(VLOOKUP($B132,Daily!$A$1:$W$10000,H$1,FALSE))/100 -> 0.0507 | I132: =(VLOOKUP($B132,Daily!$A$1:$W$10000,I$1,FALSE))/100 -> 0.0538 | J132: =(VLOOKUP($B132,Daily!$A$1:$W$10000,J$1,FALSE))/100 -> 0.0564 | ... X132: =(VLOOKUP($B132,Daily!$A$1:$W$10000,X$1,FALSE))/100 -> 0.068
A133: 44228 | B133: =WORKDAY(EOMONTH(A133,0)+1, -1) -> 44253 | C133: =(VLOOKUP($B133,Daily!$A$1:$W$10000,C$1,FALSE))/100 -> 0.0312 | D133: =(VLOOKUP($B133,Daily!$A$1:$W$10000,D$1,FALSE))/100 -> 0.0352 | E133: =(VLOOKUP($B133,Daily!$A$1:$W$10000,E$1,FALSE))/100 -> 0.0389 | F133: =(VLOOKUP($B133,Daily!$A$1:$W$10000,F$1,FALSE))/100 -> 0.0452 | G133: =(VLOOKUP($B133,Daily!$A$1:$W$10000,G$1,FALSE))/100 -> 0.0503 | H133: =(VLOOKUP($B133,Daily!$A$1:$W$10000,H$1,FALSE))/100 -> 0.0545 | I133: =(VLOOKUP($B133,Daily!$A$1:$W$10000,I$1,FALSE))/100 -> 0.0579 | J133: =(VLOOKUP($B133,Daily!$A$1:$W$10000,J$1,FALSE))/100 -> 0.0606 | ... X133: =(VLOOKUP($B133,Daily!$A$1:$W$10000,X$1,FALSE))/100 -> 0.0697
A134: 44256 | B134: =WORKDAY(EOMONTH(A134,0)+1, -1) -> 44286 | C134: =(VLOOKUP($B134,Daily!$A$1:$W$10000,C$1,FALSE))/100 -> 0.0314 | D134: =(VLOOKUP($B134,Daily!$A$1:$W$10000,D$1,FALSE))/100 -> 0.0348 | E134: =(VLOOKUP($B134,Daily!$A$1:$W$10000,E$1,FALSE))/100 -> 0.0387 | F134: =(VLOOKUP($B134,Daily!$A$1:$W$10000,F$1,FALSE))/100 -> 0.0452 | G134: =(VLOOKUP($B134,Daily!$A$1:$W$10000,G$1,FALSE))/100 -> 0.0504 | H134: =(VLOOKUP($B134,Daily!$A$1:$W$10000,H$1,FALSE))/100 -> 0.0546 | I134: =(VLOOKUP($B134,Daily!$A$1:$W$10000,I$1,FALSE))/100 -> 0.058 | J134: =(VLOOKUP($B134,Daily!$A$1:$W$10000,J$1,FALSE))/100 -> 0.0607 | ... X134: =(VLOOKUP($B134,Daily!$A$1:$W$10000,X$1,FALSE))/100 -> 0.0696
A135: 44287 | B135: =WORKDAY(EOMONTH(A135,0)+1, -1) -> 44316 | C135: =(VLOOKUP($B135,Daily!$A$1:$W$10000,C$1,FALSE))/100 -> 0.0336 | D135: =(VLOOKUP($B135,Daily!$A$1:$W$10000,D$1,FALSE))/100 -> 0.0339 | E135: =(VLOOKUP($B135,Daily!$A$1:$W$10000,E$1,FALSE))/100 -> 0.0378 | F135: =(VLOOKUP($B135,Daily!$A$1:$W$10000,F$1,FALSE))/100 -> 0.0444 | G135: =(VLOOKUP($B135,Daily!$A$1:$W$10000,G$1,FALSE))/100 -> 0.0494 | H135: =(VLOOKUP($B135,Daily!$A$1:$W$10000,H$1,FALSE))/100 -> 0.0534 | I135: =(VLOOKUP($B135,Daily!$A$1:$W$10000,I$1,FALSE))/100 -> 0.0567 | J135: =(VLOOKUP($B135,Daily!$A$1:$W$10000,J$1,FALSE))/100 -> 0.0594 | ... X135: =(VLOOKUP($B135,Daily!$A$1:$W$10000,X$1,FALSE))/100 -> 0.0695
...

Sheet Macro Factors
A1: Date | B1: Inflation | C1: IIP.ogap
A2: 40389 | B2: 0.1286 | C2: 0
A3: 40421 | B3: 0.1066 | C3: 0
A4: 40450 | B4: 0.0942 | C4: 0
A5: 40480 | B5: 0.0936 | C5: 0
A6: 40512 | B6: 0.0926 | C6: 0
A7: 40543 | B7: 0.08 | C7: 0
A8: 40574 | B8: 0.0905 | C8: 0
A9: 40602 | B9: 0.0855 | C9: 0
A10: 40633 | B10: 0.0848 | C10: 0
A11: 40662 | B11: 0.0848 | C11: 0
A12: 40694 | B12: 0.0927 | C12: 0
A13: 40724 | B13: 0.0888 | C13: 0
... A184: 45930 | B184: 0.0207 | C184: -0.0042393584
A185: 45961 | B185: 0.0144 | C185: =C184 -> -0.0042393584
A186: 45991 | B186: 0.0025 | C186: 0
A187: 46022 | B187: 0.017 | C187: 0
A188: 46053 | B188: 0.0274 | C188: 0
A189: 46081 | B189: 0.0321 | C189: 0
A190: 46111 | B190: 0.034 | C190: 0
A191: 46142 | B191: 0.0348 | C191: 0

Sheet Sheet1
A1: Month | B1: CPI-C Index | G1: Old Spliced series
A2: 36892 | B2: 55.5 | G2: 0.1286
A3: 36923 | B3: 55.4 | G3: 0.1066
A4: 36951 | B4: 55.7 | G4: 0.0942
A5: 36982 | B5: 56.1 | G5: 0.0936
A6: 37012 | B6: 56.5 | G6: 0.0926
A7: 37043 | B7: 57.1 | G7: 0.08
A8: 37073 | B8: 57.8 | G8: 0.0905
A9: 37104 | B9: 58.2 | G9: 0.0855
A10: 37135 | B10: 58 | G10: 0.0848
A11: 37165 | B11: 58.6 | G11: 0.0848
A12: 37196 | B12: 59 | G12: 0.0927
A13: 37226 | B13: 58.8 | G13: 0.0888
A14: 37257 | B14: 58.6 | C14: =B14/B2 - 1 -> 0.055855856 | G14: 0.0862
A15: 37288 | B15: 58.5 | C15: =B15/B3 - 1 -> 0.055956679 | G15: 0.0766
A16: 37316 | B16: 58.9 | C16: =B16/B4 - 1 -> 0.057450628 | G16: 0.0863
A17: 37347 | B17: 59.2 | C17: =B17/B5 - 1 -> 0.055258467 | G17: 0.0925
A18: 37377 | B18: 59.6 | C18: =B18/B6 - 1 -> 0.054867257 | G18: 0.092
A19: 37408 | B19: 60.2 | C19: =B19/B7 - 1 -> 0.054290718 | G19: 0.0907
A20: 37438 | B20: 60.8 | C20: =B20/B8 - 1 -> 0.051903114 | G20: 0.0691
A21: 37469 | B21: 61.1 | C21: =B21/B9 - 1 -> 0.049828179 | G21: 0.062569832
A22: 37500 | B22: 61.2 | C22: =B22/B10 - 1 -> 0.055172414 | G22: 0.080316742
A23: 37530 | B23: 61.5 | C23: =B23/B11 - 1 -> 0.049488055 | G23: 0.090497738
A24: 37561 | B24: 61.7 | C24: =B24/B12 - 1 -> 0.045762712 | G24: 0.097643098
A25: 37591 | B25: 61.3 | C25: =B25/B13 - 1 -> 0.042517007 | G25: 0.097995546
... A43: 38139 | B43: 65.1 | C43: =B43/B31 - 1 -> 0.033333333 | G43: 0.11505273
A44: 38169 | B44: 65.6 | C44: =B44/B32 - 1 -> 0.033070866
A45: 38200 | B45: 66.2 | C45: =B45/B33 - 1 -> 0.049128368
A46: 38231 | B46: 66.3 | C46: =B46/B34 - 1 -> 0.049050633
A47: 38261 | B47: 66.8 | C47: =B47/B35 - 1 -> 0.04866562
A48: 38292 | B48: 66.6 | C48: =B48/B36 - 1 -> 0.043887147
A49: 38322 | B49: 66.1 | C49: =B49/B37 - 1 -> 0.037676609
A50: 38353 | B50: 66.6 | C50: =B50/B38 - 1 -> 0.043887147
A51: 38384 | B51: 66.6 | C51: =B51/B39 - 1 -> 0.043887147
A52: 38412 | B52: 66.6 | C52: =B52/B40 - 1 -> 0.042253521
A53: 38443 | B53: 67.1 | C53: =B53/B41 - 1 -> 0.046801872
A54: 38473 | B54: 66.7 | C54: =B54/B42 - 1 -> 0.03250774
A55: 38504 | B55: 66.8 | C55: =B55/B43 - 1 -> 0.026113671
... A157: 41609 | B157: 138 | C157: =B157/B145 - 1 -> 0.098726115

Sheet Daily_old
A1: Date | B1: 3m | C1: 6m | D1: 12m | E1: 24m | F1: 36m | G1: 48m | H1: 60m | I1: 72m | J1: 84m | K1: 96m | L1: 108m | M1: 120m | N1: 132m | O1: 144m | P1: 156m | Q1: 168m | R1: 180m | S1: 192m | T1: 204m | U1: 216m | V1: 228m | W1: 240m
A2: 40273 | B2: 2.46 | C2: 4.56 | D2: 5.68 | E2: 6.59 | F2: 6.9 | G2: 7.08 | H2: 7.25 | I2: 7.41 | J2: 7.55 | K2: 7.69 | L2: 7.8 | M2: 7.9 | N2: 7.98 | O2: 8.06 | P2: 8.12 | Q2: 8.17 | R2: 8.22 | S2: 8.26 | T2: 8.3 | U2: 8.33 | V2: 8.36 | W2: 8.38
A3: 40274 | B3: 2.9 | C3: 4.26 | D3: 5.14 | E3: 6.14 | F3: 6.67 | G3: 7.01 | H3: 7.26 | I3: 7.46 | J3: 7.62 | K3: 7.76 | L3: 7.87 | M3: 7.97 | N3: 8.05 | O3: 8.12 | P3: 8.18 | Q3: 8.23 | R3: 8.28 | S3: 8.32 | T3: 8.35 | U3: 8.38 | V3: 8.41 | W3: 8.44
A4: 40275 | B4: 2.92 | C4: 4.22 | D4: 5.08 | E4: 6.07 | F4: 6.61 | G4: 6.97 | H4: 7.23 | I4: 7.43 | J4: 7.6 | K4: 7.74 | L4: 7.85 | M4: 7.95 | N4: 8.03 | O4: 8.1 | P4: 8.16 | Q4: 8.21 | R4: 8.26 | S4: 8.3 | T4: 8.33 | U4: 8.37 | V4: 8.39 | W4: 8.42
A5: 40276 | B5: 2.74 | C5: 4.44 | D5: 5.14 | E5: 5.88 | F5: 6.43 | G5: 6.87 | H5: 7.2 | I5: 7.45 | J5: 7.65 | K5: 7.79 | L5: 7.91 | M5: 8.01 | N5: 8.09 | O5: 8.15 | P5: 8.21 | Q5: 8.25 | R5: 8.29 | S5: 8.33 | T5: 8.36 | U5: 8.39 | V5: 8.41 | W5: 8.44
A6: 40277 | B6: 2.33 | C6: 4.43 | D6: 5.31 | E6: 6.15 | F6: 6.68 | G6: 7.07 | H6: 7.37 | I6: 7.58 | J6: 7.75 | K6: 7.88 | L6: 7.98 | M6: 8.06 | N6: 8.13 | O6: 8.18 | P6: 8.23 | Q6: 8.27 | R6: 8.3 | S6: 8.34 | T6: 8.36 | U6: 8.39 | V6: 8.41 | W6: 8.43
A7: 40280 | B7: 2.52 | C7: 4.17 | D7: 5.24 | E7: 6.41 | F7: 6.99 | G7: 7.33 | H7: 7.56 | I7: 7.73 | J7: 7.87 | K7: 7.97 | L7: 8.06 | M7: 8.13 | N7: 8.19 | O7: 8.24 | P7: 8.28 | Q7: 8.32 | R7: 8.35 | S7: 8.38 | T7: 8.41 | U7: 8.43 | V7: 8.45 | W7: 8.47
A8: 40281 | B8: 3 | C8: 4.24 | D8: 5.12 | E8: 6.23 | F8: 6.86 | G8: 7.25 | H8: 7.51 | I8: 7.7 | J8: 7.84 | K8: 7.94 | L8: 8.03 | M8: 8.09 | N8: 8.15 | O8: 8.2 | P8: 8.23 | Q8: 8.27 | R8: 8.3 | S8: 8.32 | T8: 8.34 | U8: 8.36 | V8: 8.38 | W8: 8.4
A9: 40283 | B9: 3.25 | C9: 4.42 | D9: 5.2 | E9: 6.14 | F9: 6.69 | G9: 7.08 | H9: 7.38 | I9: 7.61 | J9: 7.81 | K9: 7.96 | L9: 8.08 | M9: 8.18 | N9: 8.26 | O9: 8.32 | P9: 8.36 | Q9: 8.4 | R9: 8.42 | S9: 8.44 | T9: 8.46 | U9: 8.47 | V9: 8.47 | W9: 8.47
A10: 40284 | B10: 3.13 | C10: 4.47 | D10: 5.34 | E10: 6.34 | F10: 6.88 | G10: 7.24 | H10: 7.49 | I10: 7.68 | J10: 7.82 | K10: 7.94 | L10: 8.03 | M10: 8.1 | N10: 8.16 | O10: 8.21 | P10: 8.26 | Q10: 8.29 | R10: 8.33 | S10: 8.35 | T10: 8.38 | U10: 8.4 | V10: 8.42 | W10: 8.44
A11: 40287 | B11: 3.2 | C11: 4.52 | D11: 5.32 | E11: 6.26 | F11: 6.83 | G11: 7.23 | H11: 7.51 | I11: 7.71 | J11: 7.86 | K11: 7.98 | L11: 8.08 | M11: 8.15 | N11: 8.21 | O11: 8.26 | P11: 8.31 | Q11: 8.34 | R11: 8.37 | S11: 8.4 | T11: 8.43 | U11: 8.45 | V11: 8.47 | W11: 8.49
A12: 40288 | B12: 3.44 | C12: 4.46 | D12: 5.17 | E12: 6.1 | F12: 6.71 | G12: 7.13 | H12: 7.43 | I12: 7.65 | J12: 7.82 | K12: 7.94 | L12: 8.04 | M12: 8.12 | N12: 8.19 | O12: 8.24 | P12: 8.29 | Q12: 8.33 | R12: 8.36 | S12: 8.39 | T12: 8.42 | U12: 8.44 | V12: 8.46 | W12: 8.48
A13: 40289 | B13: 3.21 | C13: 4.42 | D13: 5.12 | E13: 5.98 | F13: 6.58 | G13: 7.01 | H13: 7.33 | I13: 7.57 | J13: 7.75 | K13: 7.89 | L13: 8 | M13: 8.09 | N13: 8.16 | O13: 8.22 | P13: 8.27 | Q13: 8.32 | R13: 8.35 | S13: 8.39 | T13: 8.42 | U13: 8.44 | V13: 8.47 | W13: 8.49
... A3869: 46122 | B3869: 5.22 | C3869: 5.39 | D3869: 5.55 | E3869: 5.84 | F3869: 6.08 | G3869: 6.3 | H3869: 6.48 | I3869: 6.65 | J3869: 6.79 | K3869: 6.91 | L3869: 7.02 | M3869: 7.12 | N3869: 7.2 | O3869: 7.28 | P3869: 7.35 | Q3869: 7.41 | R3869: 7.46 | S3869: 7.51 | T3869: 7.55 | U3869: 7.59 | V3869: 7.62 | W3869: 7.65

Sheet Daily_with OIS
A1: Date | B1: 3m | C1: 6m | D1: 12m | E1: 24m | F1: 36m | G1: 48m | H1: 60m | I1: 72m | J1: 84m | K1: 96m | L1: 108m | M1: 120m | N1: 132m | O1: 144m | P1: 156m | Q1: 168m | R1: 180m | S1: 192m | T1: 204m | U1: 216m | V1: 228m | W1: 240m
A2: 40273 | B2: 4.05 | C2: 4.405 | D2: 5.68 | E2: 6.59 | F2: 6.9 | G2: 7.08 | H2: 7.25 | I2: 7.41 | J2: 7.55 | K2: 7.69 | L2: 7.8 | M2: 7.9 | N2: 7.98 | O2: 8.06 | P2: 8.12 | Q2: 8.17 | R2: 8.22 | S2: 8.26 | T2: 8.3 | U2: 8.33 | V2: 8.36 | W2: 8.38
A3: 40274 | B3: 4.05 | C3: 4.4 | D3: 5.14 | E3: 6.14 | F3: 6.67 | G3: 7.01 | H3: 7.26 | I3: 7.46 | J3: 7.62 | K3: 7.76 | L3: 7.87 | M3: 7.97 | N3: 8.05 | O3: 8.12 | P3: 8.18 | Q3: 8.23 | R3: 8.28 | S3: 8.32 | T3: 8.35 | U3: 8.38 | V3: 8.41 | W3: 8.44
A4: 40275 | B4: 4.05 | C4: 4.38 | D4: 5.08 | E4: 6.07 | F4: 6.61 | G4: 6.97 | H4: 7.23 | I4: 7.43 | J4: 7.6 | K4: 7.74 | L4: 7.85 | M4: 7.95 | N4: 8.03 | O4: 8.1 | P4: 8.16 | Q4: 8.21 | R4: 8.26 | S4: 8.3 | T4: 8.33 | U4: 8.37 | V4: 8.39 | W4: 8.42
A5: 40276 | B5: 4.055 | C5: 4.36 | D5: 5.14 | E5: 5.88 | F5: 6.43 | G5: 6.87 | H5: 7.2 | I5: 7.45 | J5: 7.65 | K5: 7.79 | L5: 7.91 | M5: 8.01 | N5: 8.09 | O5: 8.15 | P5: 8.21 | Q5: 8.25 | R5: 8.29 | S5: 8.33 | T5: 8.36 | U5: 8.39 | V5: 8.41 | W5: 8.44
A6: 40277 | B6: 4.1 | C6: 4.435 | D6: 5.31 | E6: 6.15 | F6: 6.68 | G6: 7.07 | H6: 7.37 | I6: 7.58 | J6: 7.75 | K6: 7.88 | L6: 7.98 | M6: 8.06 | N6: 8.13 | O6: 8.18 | P6: 8.23 | Q6: 8.27 | R6: 8.3 | S6: 8.34 | T6: 8.36 | U6: 8.39 | V6: 8.41 | W6: 8.43
A7: 40280 | B7: 4.15 | C7: 4.46 | D7: 5.24 | E7: 6.41 | F7: 6.99 | G7: 7.33 | H7: 7.56 | I7: 7.73 | J7: 7.87 | K7: 7.97 | L7: 8.06 | M7: 8.13 | N7: 8.19 | O7: 8.24 | P7: 8.28 | Q7: 8.32 | R7: 8.35 | S7: 8.38 | T7: 8.41 | U7: 8.43 | V7: 8.45 | W7: 8.47
A8: 40281 | B8: 4.15 | C8: 4.46 | D8: 5.12 | E8: 6.23 | F8: 6.86 | G8: 7.25 | H8: 7.51 | I8: 7.7 | J8: 7.84 | K8: 7.94 | L8: 8.03 | M8: 8.09 | N8: 8.15 | O8: 8.2 | P8: 8.23 | Q8: 8.27 | R8: 8.3 | S8: 8.32 | T8: 8.34 | U8: 8.36 | V8: 8.38 | W8: 8.4
A9: 40283 | B9: 4.225 | C9: 4.52 | D9: 5.2 | E9: 6.14 | F9: 6.69 | G9: 7.08 | H9: 7.38 | I9: 7.61 | J9: 7.81 | K9: 7.96 | L9: 8.08 | M9: 8.18 | N9: 8.26 | O9: 8.32 | P9: 8.36 | Q9: 8.4 | R9: 8.42 | S9: 8.44 | T9: 8.46 | U9: 8.47 | V9: 8.47 | W9: 8.47
A10: 40284 | B10: 4.2 | C10: 4.52 | D10: 5.34 | E10: 6.34 | F10: 6.88 | G10: 7.24 | H10: 7.49 | I10: 7.68 | J10: 7.82 | K10: 7.94 | L10: 8.03 | M10: 8.1 | N10: 8.16 | O10: 8.21 | P10: 8.26 | Q10: 8.29 | R10: 8.33 | S10: 8.35 | T10: 8.38 | U10: 8.4 | V10: 8.42 | W10: 8.44
A11: 40287 | B11: 4.225 | C11: 4.52 | D11: 5.32 | E11: 6.26 | F11: 6.83 | G11: 7.23 | H11: 7.51 | I11: 7.71 | J11: 7.86 | K11: 7.98 | L11: 8.08 | M11: 8.15 | N11: 8.21 | O11: 8.26 | P11: 8.31 | Q11: 8.34 | R11: 8.37 | S11: 8.4 | T11: 8.43 | U11: 8.45 | V11: 8.47 | W11: 8.49
A12: 40288 | B12: 4.05 | C12: 4.35 | D12: 5.17 | E12: 6.1 | F12: 6.71 | G12: 7.13 | H12: 7.43 | I12: 7.65 | J12: 7.82 | K12: 7.94 | L12: 8.04 | M12: 8.12 | N12: 8.19 | O12: 8.24 | P12: 8.29 | Q12: 8.33 | R12: 8.36 | S12: 8.39 | T12: 8.42 | U12: 8.44 | V12: 8.46 | W12: 8.48
A13: 40289 | B13: 4.1 | C13: 4.325 | D13: 5.12 | E13: 5.98 | F13: 6.58 | G13: 7.01 | H13: 7.33 | I13: 7.57 | J13: 7.75 | K13: 7.89 | L13: 8 | M13: 8.09 | N13: 8.16 | O13: 8.22 | P13: 8.27 | Q13: 8.32 | R13: 8.35 | S13: 8.39 | T13: 8.42 | U13: 8.44 | V13: 8.47 | W13: 8.49
... A3869: 46122 | B3869: 5.4 | C3869: 5.52 | D3869: 5.55 | E3869: 5.84 | F3869: 6.08 | G3869: 6.3 | H3869: 6.48 | I3869: 6.65 | J3869: 6.79 | K3869: 6.91 | L3869: 7.02 | M3869: 7.12 | N3869: 7.2 | O3869: 7.28 | P3869: 7.35 | Q3869: 7.41 | R3869: 7.46 | S3869: 7.51 | T3869: 7.55 | U3869: 7.59 | V3869: 7.62 | W3869: 7.65

Sheet Long_data
A1: Date | B1: 3m | C1: 6m | D1: 12m | E1: 24m | F1: 36m | G1: 48m | H1: 60m | I1: 72m | J1: 84m | K1: 96m | L1: 108m | M1: 120m
A2: 36529 | B2: 9.97 | C2: 9.99 | D2: 10.092 | E2: 10.303 | F2: 10.31 | G2: 10.648 | H2: 10.712 | I2: 10.873 | J2: 11.044 | K2: 11.178 | L2: 11.436 | M2: 11.534
A3: 36530 | B3: 9.93 | C3: 9.95 | D3: 10.052 | E3: 10.348 | F3: 10.353 | G3: 10.691 | H3: 10.754 | I3: 10.916 | J3: 11.086 | K3: 11.22 | L3: 11.479 | M3: 11.576
A4: 36531 | B4: 9.96 | C4: 9.98 | D4: 10.072 | E4: 10.378 | F4: 10.372 | G4: 10.722 | H4: 10.785 | I4: 10.947 | J4: 11.117 | K4: 11.251 | L4: 11.494 | M4: 11.609
A5: 36532 | B5: 9.96 | C5: 9.98 | D5: 10.072 | E5: 10.452 | F5: 10.445 | G5: 10.759 | H5: 10.798 | I5: 10.96 | J5: 11.132 | K5: 11.267 | L5: 11.51 | M5: 11.626
A6: 36535 | B6: 10.06 | C6: 10.08 | D6: 10.172 | E6: 10.415 | F6: 10.41 | G6: 10.725 | H6: 10.764 | I6: 10.927 | J6: 11.099 | K6: 11.234 | L6: 11.477 | M6: 11.593
A7: 36536 | B7: 10.07 | C7: 10.09 | D7: 10.182 | E7: 10.425 | F7: 10.364 | G7: 10.716 | H7: 10.742 | I7: 10.932 | J7: 11.132 | K7: 11.19 | L7: 11.45 | M7: 11.566
A8: 36537 | B8: 9.95 | C8: 9.97 | D8: 10.062 | E8: 10.485 | F8: 10.41 | G8: 10.713 | H8: 10.753 | I8: 10.936 | J8: 11.128 | K8: 11.187 | L8: 11.447 | M8: 11.617
A9: 36538 | B9: 10.05 | C9: 10.07 | D9: 10.162 | E9: 10.458 | F9: 10.441 | G9: 10.709 | H9: 10.749 | I9: 10.933 | J9: 11.126 | K9: 11.184 | L9: 11.445 | M9: 11.615
A10: 36539 | B10: 10.05 | C10: 10.07 | D10: 10.162 | E10: 10.415 | F10: 10.432 | G10: 10.7 | H10: 10.74 | I10: 10.924 | J10: 11.116 | K10: 11.175 | L10: 11.435 | M10: 11.57
A11: 36542 | B11: 9.87 | C11: 9.85 | D11: 9.932 | E11: 10.217 | F11: 10.256 | G11: 10.463 | H11: 10.604 | I11: 10.712 | J11: 10.826 | K11: 10.963 | L11: 11.22 | M11: 11.354
A12: 36543 | B12: 9.86 | C12: 9.84 | D12: 9.922 | E12: 10.207 | F12: 10.257 | G12: 10.464 | H12: 10.542 | I12: 10.652 | J12: 10.767 | K12: 10.904 | L12: 11.162 | M12: 11.383
A13: 36544 | B13: 9.87 | C13: 9.84 | D13: 9.932 | E13: 10.206 | F13: 10.267 | G13: 10.463 | H13: 10.541 | I13: 10.677 | J13: 10.821 | K13: 10.881 | L13: 11.076 | M13: 11.421
... A6611: 46223 | B6611: 5.34 | C6611: 5.49 | D6611: 5.62 | E6611: 5.85 | F6611: 6.04 | G6611: 6.21 | H6611: 6.35 | I6611: 6.48 | J6611: 6.6 | K6611: 6.71 | L6611: 6.81 | M6611: 6.9
